source,source_lean,title,description,url,published,scraped_at,language,full_text,mentions_johor,mentions_neg_sembilan,mentions_melaka
GoogleNews-The Edge Malaysia,business_neutral,Zahid confident ‘blue and dark blue wave’ will spread to Melaka as BN-PN declares victory in Negeri Sembilan - The Edge Malaysia,,https://news.google.com/rss/articles/CBMiUEFVX3lxTFBHWEo3NXVodDFmeHJpc05YZlJMSVpVRlVNeEs2NUdLeDJiZ2t4SkpSV2h2bk9HczFkbTNUbURHLXhjLVJzSTdqak5LeHVmUzVY?oc=5,"Sat, 01 Aug 2026 13:37:01 GMT",2026-08-09T20:50:27.314681,en,Zahid confident ‘blue and dark blue wave’ will spread to Melaka as BN-PN declares victory in Negeri Sembilan - The Edge Malaysia,False,True,True
GoogleNews-Free Malaysia Today,independent_left,BN-PN pact to carry on at coming Melaka election - Free Malaysia Today,,https://news.google.com/rss/articles/CBMirgFBVV95cUxNUEF6SkF4OXRxaW9LVlliU3lLYzVoWkw2S3FMZF9SV3NkMmY2RElDNzRfenFxMm5XNVNZX1RjZGdydnpPbG1HRG9hWUR3VnNOTzluYXJYZnBGa0dMdERfcXZXd3oteEJjT1RZUXRXV1EyU1pZZG5ubmRTTkF5aEFXZmRMRlpsQVdNcWpfcXc3dE5TNE1CQmJLOWRuYjVWdldrV0ZuZ2NvNEFqd0ZTWVE?oc=5,"Sat, 01 Aug 2026 13:48:00 GMT",2026-08-09T20:50:27.314681,en,BN-PN pact to carry on at coming Melaka election - Free Malaysia Today,False,False,True
GoogleNews-CNA,unknown,"BN, PN to begin talks soon on electoral pact for Melaka polls, following Negeri Sembilan victory - CNA",,https://news.google.com/rss/articles/CBMingFBVV95cUxOc3U1VkV1VUdtcWw5RmpSeUxYa3ZRT3phT2R2OU8yUVFZVkJyTWlqdXdjS2xQeVRQWUJfYl9DTFd1VHRzejQ0U0hsaW1tU2dpM3VvRktDN3g1b05ESEJPNkJzRXdxcF9BU1pfeHgxaWJ4MUFNdkdzTlMtaFlfYnNmbkpUbk1rbTdwQUc0NVcwSU5ib1libUFjUHlhQmpZdw?oc=5,"Mon, 03 Aug 2026 09:27:00 GMT",2026-08-09T20:50:27.314681,en,"BN, PN to begin talks soon on electoral pact for Melaka polls, following Negeri Sembilan victory - CNA",False,True,True
GoogleNews-NST Online,establishment_right,"[LIVE] Negri election results: BN-PN cooperation to continue in Melaka, says Zahid [WATCH] - NST Online",,https://news.google.com/rss/articles/CBMiuAFBVV95cUxNNVhlUHNXMXFITVdsT2o5VVl1ZVZsaG9vWU9GNVIzWkpwc3NYb1MwRl92eHZlalBPdjMtWWtOdk1yS3poVUMyd2tiNXVLQU9STU52aDdOMmRNdzI1cXpoNm1YVWhKUVVOUkFWNkRNRTBpUWZsbXdhdGk4Y3kwMGtCS3F4M0R0c1dpQnRMYVZFYnZKQ3VSUjRqek8temttQVpWdUtRcFZxSW80aHUzeU1MTUxJa21yd1Zj0gG-AUFVX3lxTFBKcnEzc3BxWFBBTER6aWpjeHVSNEdfeTJWbFkxYlRINGJIRmx6NVVOVEFNLVR4OFM2NjBQMk5oWl9QLVdjS1RlSFFiSUNLQVJPWlJ4cGR2VGhYNWFaMmc5U1RLNGtJeXZWaTdQR2xGaUVIa3doQVJjNjJqbE1IOXdZbDVzZkEyclZVbF9kNy1ydHMwWW1RUjhaazc3NXh6TVhlcWJDeU56WkRMOVJFMlBLRzFSMVYwUUJWYy11Zmc?oc=5,"Sat, 01 Aug 2026 08:57:46 GMT",2026-08-09T20:50:27.314681,en,"[LIVE] Negri election results: BN-PN cooperation to continue in Melaka, says Zahid [WATCH] - NST Online",False,False,True
GoogleNews-fulcrum.sg,unknown,Barisan Nasional and Pakatan Harapan: Best Frenemies Forever - fulcrum.sg,,https://news.google.com/rss/articles/CBMihgFBVV95cUxOZm1RekxtR09DV3Z4ckRtcDFIRmNQTVI1MnI2ZkxVTXlJdU83cndHTFlodjJRaGpTZzB6Y3lfbEdtamNQTk5PdUpSWHpDaGNkOG15UEt5WVVwQkU5OFhIVV81VTVkUWM2T1NtTWdLUm80WC1KT2dNSHN0QW5IczVfWnFtQ0E0UQ?oc=5,"Tue, 02 Jun 2026 07:00:00 GMT",2026-08-09T20:50:27.314681,en,Barisan Nasional and Pakatan Harapan: Best Frenemies Forever - fulcrum.sg,False,False,False
GoogleNews-South China Morning Post,unknown,What Negeri Sembilan loss means for Malaysian PM Anwar’s political strategy - South China Morning Post,,https://news.google.com/rss/articles/CBMixAFBVV95cUxQT1IzV3o0RzJXcmYwSklDT0VINUduSC12YmZ6MnJWV0pQOTIyZWdKSWNqUko4MG5OS0pxcU9oWTBYa3d2RGtEZFpHNFF5d1U3REVuMEJZOW8tRVB6ekhualE1SldVR1I0dTdiZzlCakIzcnljRGdnYmk4Z1Nxck5SemFpWDVMSlI5bDlHSHRnMV93Zy0tNE5IbFEyRnhiRS1OX2NxWWZ1NFpnU256cGM3bXN6TldEUGVpa1EwdVRVamlFa1lJ0gHEAUFVX3lxTE42a2FXak1qX1NFX29YdDZpcF9HMmt2Q3JEUEJ2d2FiaTk5V2YwbFVyc2NEY1ZZNHdXc2tmbG85VGlyOHFlNE9KMDlLcjVRTlF1YzZkc0F1clN3TGlzNEdQOFczWlFiNU5nbXhzenJvX2ZkbUJsVHRzT2lpN0NKcWZRM0RLN1ZaVG9mLWFZaE02Q2hyTHZwTzVYSWJ4V2UySzdPanR6SDNkTTZQZzNiSXpYUXlhbkxWV1hOeDlxek9KRm9XRTU?oc=5,"Sun, 02 Aug 2026 00:00:10 GMT",2026-08-09T20:50:27.314681,en,What Negeri Sembilan loss means for Malaysian PM Anwar’s political strategy - South China Morning Post,False,True,False
GoogleNews-The Straits Times,unknown,"Anwar’s PH loses Negeri Sembilan, as BN claims win together with ally PN - The Straits Times",,https://news.google.com/rss/articles/CBMisgFBVV95cUxPeU5vRTQ1MEFwb0ZTTlBEREw3WU05NENGV1FnZ1ZNTnRYQVpsTWNGQl9jMFdtXzJGQ0EtSHBQMVRraXc5M28zY2ZSd2hkWHB5TGVzUGdHQnlWcnFrMk1OVHRPTUdnRGVJUG0zU1JRdmptVUtDbnpoZVBESXU1RF9iMXNRMUZxdDZBb3U2TGM4R1p2Q29RRldsMFZKQ1I0VWdCYzJlSUNJOHlTVlJ3OUN6NEFn?oc=5,"Sat, 01 Aug 2026 07:00:00 GMT",2026-08-09T20:50:27.314681,en,"Anwar’s PH loses Negeri Sembilan, as BN claims win together with ally PN - The Straits Times",False,True,False
GoogleNews-The Edge Malaysia,business_neutral,‘Blue wave’ faces its real test in Negeri Sembilan - The Edge Malaysia,,https://news.google.com/rss/articles/CBMiUEFVX3lxTE14ZTctcWp5WUVxRkNBajV6VDlvbE56UF9rZ2d2MjRWNjlxQVhkanNPcHdCTWFhRS02OS1BbjNsTnVLZlM1anJleWN2WERSOGpJ?oc=5,"Thu, 30 Jul 2026 07:00:00 GMT",2026-08-09T20:50:27.314681,en,‘Blue wave’ faces its real test in Negeri Sembilan - The Edge Malaysia,False,True,False
GoogleNews-Free Malaysia Today,independent_left,BN-PN tie-up may carry on into Melaka polls - Free Malaysia Today,,https://news.google.com/rss/articles/CBMipwFBVV95cUxNTmJiQjE4UzkwZm5uX2ZXaWlnQTdfMjd0dVQtcHdaanV2Zk9YMW5Rc2F4NmlidjFEeWFzRm0yTXBWM3Rnbno3c3gxNFRPTk5QeGVEV3ZDLVZzblFpYXZ2SXRXU2FMb0pCekFoUHZIRFJxMzEwSWc2MEYzUFA1dkpCbERiWkxNRHJHVjREbldHa0g3bkkxYTZzV09hVDN4VW96X1N4cnlPVQ?oc=5,"Fri, 31 Jul 2026 07:00:00 GMT",2026-08-09T20:50:27.314681,en,BN-PN tie-up may carry on into Melaka polls - Free Malaysia Today,False,False,True
GoogleNews-CNA,unknown,"Negeri Sembilan polls: BN-PN wins supermajority of 25 seats, as Anwar’s PH suffers another setback - CNA",,https://news.google.com/rss/articles/CBMiuAFBVV95cUxPS25qS095TDdmalpRMUR3YzlMME4wOGJKSkQ4RGNQenI1dkVUUlgyTGQyNmlwcHgza1UyWERPY2doSEdfc3dTdFZOQUhoaGJCUHctYWVYR2RXQl9mWnlfV05tdHdSSTlIaExPVFNVOHJGUDhub2hxSkNiS3l1Z2pHOVB6eW5jRGpZeFVZQmZBb2dEckZ1TV9jejhqaHlUQ2JvQ1AwRi0wd0V0QnAtUFRHMWpYVkFSckRa?oc=5,"Sat, 01 Aug 2026 14:17:00 GMT",2026-08-09T20:50:27.314681,en,"Negeri Sembilan polls: BN-PN wins supermajority of 25 seats, as Anwar’s PH suffers another setback - CNA",False,True,False
GoogleNews-NST Online,establishment_right,"BN open to talks with PN for Melaka polls, says Zahid - NST Online",,https://news.google.com/rss/articles/CBMilgFBVV95cUxPa2loQmpmMHQ0VDFHb2t5UEZXQWgyODlCbXJZdlk2bDJxV2FHTEk3aGp2Qm1lRlpyMUpxSVJnTEl1OFlKS1dFQ0NtZ1FDU21QU0JFMlZ4MGFiSE1IVTNNUHhlaG5yclJCblVZWGJWZW9DQU11dkR1MVRlRUZNS3Myb1QwRnNaN0Noa0I0N0h6N3ExMXlIVmfSAZsBQVVfeXFMT1hDQTlLZ09WVWJhM0Rra19oNGZQdUpmeG1tWkpLUVhabENVVkoyQklxWDN5S091emZSSkNDMk85UlN1SW9sbWhSTGx3ZFEtZzgzN1p5STA1V0E4Mm5CbWdtRlk3d28zMTRPUGtrbDViLTFDTFZZcC0wYmplV0o5dDNNT2xuUTY3VGY0UUlhQnBMdkEtSnFUOFdhRzQ?oc=5,"Fri, 31 Jul 2026 07:00:00 GMT",2026-08-09T20:50:27.314681,en,"BN open to talks with PN for Melaka polls, says Zahid - NST Online",False,False,True
GoogleNews-Free Malaysia Today,independent_left,Will PAS be as generous with seats in Melaka? - Free Malaysia Today,,https://news.google.com/rss/articles/CBMiqAFBVV95cUxNR2ZqODhMaUlic3dEY0VqcER2MFgwM0xadHRsYjctaDViRWdpZXBCNTNSNzRHdU4xUUZQSGpWbDNlX2pWZF9yZGZzeUYxeU1YT1ZodjJJNV83cEw0ZVpKRlVtWFl4RWdGQmVMU29ielI0Rkdva1VSbW5Ra2F3M2ZLOE8xYWhrNjBGYzJqMXNtNFltYnY4T2Z5RTBITFVOWjFZTWN3eFpQVmg?oc=5,"Tue, 04 Aug 2026 05:37:00 GMT",2026-08-09T20:50:27.314681,en,Will PAS be as generous with seats in Melaka? - Free Malaysia Today,False,False,True
GoogleNews-The Edge Malaysia,business_neutral,"BN, PN avoiding overlapping contests in Negeri Sembilan, assessment later for Melaka polls — Zahid - The Edge Malaysia",,https://news.google.com/rss/articles/CBMiUEFVX3lxTE5ZUncxTnFFc1huZ013X002aUxZU2lvRmFUV3k5bHFpdFY2TTR3M05JNExQbmctOFJPbGk5NmEtdllfeDNGb1VFOFZ6VUxkVmxE?oc=5,"Sat, 18 Jul 2026 07:00:00 GMT",2026-08-09T20:50:27.314681,en,"BN, PN avoiding overlapping contests in Negeri Sembilan, assessment later for Melaka polls — Zahid - The Edge Malaysia",False,True,True
GoogleNews-CNA,unknown,"Why Barisan Nasional may call early Johor, Melaka state polls in second half of 2026 - CNA",,https://news.google.com/rss/articles/CBMitgFBVV95cUxQRG5JSmg4NHktWThwcjZHdmNzd1N6U2tIeHV0TlVQUE9KS1JKMUtnSHh0R2hXNFdLT19ibEhHbzNRQ1hBRjZuRUtwY0dnYUo5S24yb25Db2ZzaWhQRGNyaUFXUTBQejZ0eU1vUWZPOVhzYUFyVW8yMV9wdVJxang1VFN1NjI5bDBoY2JRblZHYjl5YTBnbUZyanpGN0xDV2x4NkhFUWEtNDlCZktxYXZmV1U5a0Utdw?oc=5,"Fri, 15 May 2026 07:00:00 GMT",2026-08-09T20:50:27.314681,en,"Why Barisan Nasional may call early Johor, Melaka state polls in second half of 2026 - CNA",True,False,True
GoogleNews-NST Online,establishment_right,"[UPDATED] BN-PN pact to continue in Melaka, says Zahid - NST Online",,https://news.google.com/rss/articles/CBMinAFBVV95cUxQN0otSUZWZHBKSzdfZ2tFMFNVNHgycGtMWXVJejlMX2liVV9XTi1mWTVaZ3FMRUU4ZTUxN1Q0bElzRmQyUWkydER1MkowRTl2Nk1zSHBXWEdlMHVPdWRDX1g2UWpMczZ4cDdHX0J3UFRVX3pGX0N2WVhWZzF0ZEFzLXRWX0ZvUGkxdkNnRkZMMF8tWXhVZ3ZTV2pWSlfSAaIBQVVfeXFMT010RUtCUlVKcjQyOExEUUg1NGxOdFdST211MjdMb2dwUF85TkNZVURDVHJTcG5NVkpnTE5CWlczRXh6bFdIendSN20tZ1hVNnVqN002SV9zOEFtVHZ4Z2F5ME5aakxLbXZlOW5tTTdvaDV1VXpZdUt3VWplNE9EZ1pIRk53dk5HM0l0N2toSTAwM3VTUFhWVGFCdEFxVmpxcTdR?oc=5,"Sat, 01 Aug 2026 13:36:59 GMT",2026-08-09T20:50:27.314681,en,"[UPDATED] BN-PN pact to continue in Melaka, says Zahid - NST Online",False,False,True
GoogleNews-The Edge Malaysia,business_neutral,N Sembilan state election live report: Official: BN-PN wins two-thirds majority in N Sembilan - The Edge Malaysia,,https://news.google.com/rss/articles/CBMiUEFVX3lxTE1XMUgxZ0Uza0JGTmlzRkdHdWg1WXk2ZnBfcDBQQUxIQmh4X1NfM0hiekYtbEpxTFhLZGFEeWJPS1pjM05ueHRJa3dwY0hRSXhp?oc=5,"Sat, 01 Aug 2026 09:15:12 GMT",2026-08-09T20:50:27.314681,en,N Sembilan state election live report: Official: BN-PN wins two-thirds majority in N Sembilan - The Edge Malaysia,False,False,False
GoogleNews-Free Malaysia Today,independent_left,"PN likely to demand equal share of seats in Melaka polls, says analyst - Free Malaysia Today",,https://news.google.com/rss/articles/CBMiygFBVV95cUxNUFRSZlVwU0JJcXZwZFR0czlYMkNKcnZfNTZwZzFlc3RzR1NreF94dW5rVzhiRWl0RGRZemdJVFl0M0F5b0lKZmVzTmpVLXhZcGdKYnR4dk9aazkxZS1rV2ZVN19OS2FPT2JuMEYzWDVxVmZ6dllzSnNkcmlCT1RwYkZhNnJQejRVRXN4RUlxemo4WlJlZzJ6cXQ2NDdIZ2pvbjdrLXVzODNfR1ZnVkF5ZlJjaDBKT0c5c196UFREOVZ5Ym9KNWhxR0xn?oc=5,"Thu, 06 Aug 2026 14:30:00 GMT",2026-08-09T20:50:27.314681,en,"PN likely to demand equal share of seats in Melaka polls, says analyst - Free Malaysia Today",False,False,True
GoogleNews-Free Malaysia Today,independent_left,"BN-PN pact in Melaka may look different, says Hadi - Free Malaysia Today",,https://news.google.com/rss/articles/CBMirwFBVV95cUxPNkN3c19Kb3ZKTlgxSEpyQlpIZ09YbDZxVHo1QlJQZlBodExoLUs3RmhMc2NBZ0Q1WW9xcU5BbVFjRlg5ZmxER3FNZTFkME1fWjhVNTVpTXU0d0ZwZ3lZQUlsVDMxbTlKS20wc0tFR3ZwOVU5VHpvRlo5R3BDLXpld0F3THQwWXoyUHZZZ2haZDNWbTNyZlNScHc1bzdzRXR5X0UtZmNXc1VJVkQ3V0Jj?oc=5,"Mon, 03 Aug 2026 14:14:00 GMT",2026-08-09T20:50:27.314681,en,"BN-PN pact in Melaka may look different, says Hadi - Free Malaysia Today",False,False,True
GoogleNews-Free Malaysia Today,independent_left,PN not sweating over possible seat clashes with BN in Melaka polls - Free Malaysia Today,,https://news.google.com/rss/articles/CBMivwFBVV95cUxOQmw0X0FPai00SjdCQWp1Vm5uSkVQZ05mTzlTNlFDTzRUMklocE5GY2xxdWJnMFFoQkVyU001UTZ2TXJkUklRZ1pxejlRVlJVUnFKQ29pSVRQZE5WQ0VyQUpTUjhVQUxLcWwxdUpNNFltQWtxRnUtcnNPSTlRUlJ3RUJHb1pGb1llR0R1SHI2bUZsSzlxNUlrTHg0RGVzbEFvWi1Ja0NYbjZVMTdTRkFOMmZ0OEdxYTY2aS1Id1VZNA?oc=5,"Thu, 06 Aug 2026 13:00:00 GMT",2026-08-09T20:50:27.314681,en,PN not sweating over possible seat clashes with BN in Melaka polls - Free Malaysia Today,False,False,True
GoogleNews-Free Malaysia Today,independent_left,Negeri Sembilan victory marks BN’s political comeback after 2018 rout - Free Malaysia Today,,https://news.google.com/rss/articles/CBMiygFBVV95cUxPV2dfbDQ4NWtLSUJ1MkpXc0lTd0M0WmNVbHhCS1NZbmtKTURMc0tSQTJ5akJKRjBIUWhvX1NDczZRWVlsV2FOMS1VbHlQdzhvaktJTnBjWWQ3LWtwbDhvNl80THNlS2dzdDJBZi1EcHB5MnFxVWtpMEJDT3JsaDN6b2xQVVdwSm40dFYwV01MLWFfeTF5cjRTUHdDNHNwNnptenh1ZGJleVoyYnc5dkNmV2czbGtKemdOS0x4a1M5RE94dGc4UmE2eTh3?oc=5,"Sun, 02 Aug 2026 14:30:00 GMT",2026-08-09T20:50:27.314681,en,Negeri Sembilan victory marks BN’s political comeback after 2018 rout - Free Malaysia Today,False,True,False
GoogleNews-Malay Mail,centrist,Melaka Opposition leader expects BN-Perikatan talks soon on state election pact - Malay Mail,,https://news.google.com/rss/articles/CBMi0wFBVV95cUxOeHM4dk5TY2prMm5EVWRoSnIyQzliQllQUENFVlduWW5qNFg5MnZncGVzQXNDSjNLNHgyTVpFUERnNDMtNE9YVERrNnFjRGZ6LXhZMWJwMWh0NlRhWHJCZTVJek9jem9WVkZCR2VSZzhWbjlzcTBmejhNVWdrZVFKTlhxUGprS2d5OTNYRU1XWW0yTGswX2kxc0pjZ0lrV0VSQ1pFRkNJRWItN3hfX2cydWZjckhtWWgxNXctUHlNVmRKUmIwcnJJTTZIaU1PZUc1S0pF0gHYAUFVX3lxTE9UWnQ4NDQ4SDZ0VTJ1WTd6YnJuZV9Ma3QzLVJfRkdScjJzeXk2THJQakR1c3JxcVFFTFVjOGx1UW1BQ0MwQzZwcUVZaWZydmxCRDBrX2RDMTNkSXZfOXBPRlBJYUhsVmQ2ckFZTnhrbmRxZTA3QjZsVXlocUpNNFlPd2RxSmdIazBrSDZXa1VSRnRXZFRsYzJDSUZFMm5tNWZGZGlHaVMydWk1UF9sa3pSQ0RqV2t5S2NTT1praXBaem80RUo1MGpLRUlqV1lhbjR0UGZMc3RwUw?oc=5,"Mon, 03 Aug 2026 00:49:47 GMT",2026-08-09T20:50:27.314681,en,Melaka Opposition leader expects BN-Perikatan talks soon on state election pact - Malay Mail,False,False,True
GoogleNews-NST Online,establishment_right,"Negri victory strengthens case for BN-PN cooperation in Melaka, say analysts - NST Online",,https://news.google.com/rss/articles/CBMiuwFBVV95cUxNOXRqNzBDcDhvMktuT1dQSDY3U1dZTEp4YmxMalF4TUNDbDIzWmVxaUdBemVmc09EaGtMR3pPUVprTkdQOFJXd0FLUjQ5NVRiUkJ5VWpwWVhjbVdZZUtCSUNPQXU3ckFaVFkwc0tCRTFBTTY5VHBaUjZhS0s2T0ZZTURvZHd4VEF2bFkyeVlqSHRDMHJzTU41bXg3QzBuU2F6MnY1T0xSeXNYd2pCU3Z1d0FFNUo3d1NCMnAw0gHAAUFVX3lxTE83TGI5djI5ZmdVNG15Y2ZDeEtkZGd2Vzk5ZXpwY194TlhPZjkyVVY1dDFWcnJ2WmhDNVBadlV5QW9kM3MwREpFTDJpSTF3R2J2cHBhenFrQ2tnUEpkUkFTaENhOG1oZmJZa3J2WkdjdVV2NmZERDQyMDI3cm1FcnlHT3RIQ3czdE9TMGdCaUltSEFSNDBaSnJLczFrdXMzbk9MQXYtcGd0aXJvdjhDMVc5VUtyVjRUbWFfOS1EUE1fNw?oc=5,"Sat, 01 Aug 2026 14:59:15 GMT",2026-08-09T20:50:27.314681,en,"Negri victory strengthens case for BN-PN cooperation in Melaka, say analysts - NST Online",False,False,True
GoogleNews-Free Malaysia Today,independent_left,"Real test for BN-PN lies in PAS states, says analyst - Free Malaysia Today",,https://news.google.com/rss/articles/CBMisgFBVV95cUxPdUxyUFFSWVpibG8tTGJxYTgyOGRmdmNyZVk1QzBKaWV1c0hrTVFoUHBiMG1ubjhBUFoyRzVFOGNNWVQteWR3by1FSE82VlZvVXhvTjRVaW9idzNrZVZhUGk5OS1pZEQ5VXZ2ZU9qal9VWjdiM0I4a1RiN0Q4d3JON3FYZmdzSm5yc0dDd2NBU19FeERkSmVHUkZFUnFkaDBlbldiTy1nVk8tSkJoOWl1S0pR?oc=5,"Mon, 03 Aug 2026 01:45:00 GMT",2026-08-09T20:50:27.314681,en,"Real test for BN-PN lies in PAS states, says analyst - Free Malaysia Today",False,False,False
GoogleNews-Free Malaysia Today,independent_left,Do the unthinkable: 6 ways to prevent a BN-PN takeover - Free Malaysia Today,,https://news.google.com/rss/articles/CBMiuAFBVV95cUxPazFUU0N2aktPRFFyeFM1bEYyX0dvbDBTMUlHSHEyWGkxLWk3bk1hUHVmZE84UlIwTWZvTm5HcXJnbVJWdEpfZjVXX0JReXBNU2dQUTBYcXBYdXg3ZXZhREdjeWpVQlcwQVp5RFJMUm91aWhoZ0hwM0JlQnlqRklYbFo0QVJ4aHFkQ0NXWVh3bHVLWFE0R0NWT3RoSWxzZ0Y5bUJrb0Ffa1JtQUZMT2s0dkZLdFRvVzNU?oc=5,"Wed, 05 Aug 2026 14:00:00 GMT",2026-08-09T20:50:27.314681,en,Do the unthinkable: 6 ways to prevent a BN-PN takeover - Free Malaysia Today,False,False,False
GoogleNews-Malay Mail,centrist,"(Unofficial) Negeri Sembilan polls: ‘PBN’ to form state govt, sets sights on Melaka next - Malay Mail",,https://news.google.com/rss/articles/CBMivwFBVV95cUxNY0JBRnlTRnk0clEyZzJMVjRwRkhlUk5wU1UzVlczYzJxQ3FXdzRyS2Nfc2NfZTdNMFgxRVp3bGx5Z3U1Z1Bxa0FnV2FYekpyZ0VpLWVJcTZCcGh1ZUYzMl9GSGgtVHFPSTJ4dzdFMHh2WmQ1TDI1Y192OWRIcjlOcVNkTVpBYVE0NlZUYjc2aHl2aGhHRVhCX2FWemJfdXBqSEdRVUVHS3pweW82cWxLR003UWZzQktPa1VuaGwtY9IBxAFBVV95cUxONy1lNnZiQjlKYmhKSFhNNm5pTTFKcS1La1BjTlFFWlZzcVhReGRBZ3MzbGtfSS12R3VucTMxTDJDLWE1S0FWZ1d0U3dVQkswNi1nVWxtVmMxN3ZnVC11OEJlMjVxSFZ3VEVLdVlac01MTUtqNTVIejNqWndRRG55eU56MHF2Yi0yQTBYeVBsRi1lV3NSbjhZZlBUTnlHa0ZNUlNWcV9vV2pOcmhhOHFweGM2dFFud29raHlfNUlmRy00eUsy?oc=5,"Sat, 01 Aug 2026 10:00:00 GMT",2026-08-09T20:50:27.314681,en,"(Unofficial) Negeri Sembilan polls: ‘PBN’ to form state govt, sets sights on Melaka next - Malay Mail",False,True,True
GoogleNews-Free Malaysia Today,independent_left,"Talks with BN on Melaka seats ongoing, says Hadi - Free Malaysia Today",,https://news.google.com/rss/articles/CBMiyAFBVV95cUxQTXM3V19lWVo4QThKbmpiQlc3N3JBVFZ5Z3RrYU5YZF8yeEFxa1dmd1pfOFQxMXhXSFppNmJCNzZJb3NYbUF3WHBSanNUUlktTkhGaXcyWWtRdDNmUENhYXRLTmFLRlRsY0VNUDEzSTVEMXhGZFZJWDdINWZNZ1ZmTnJqdWxCRllyMlluck03TG04aUhLUnN6c1oyZmpJRTVYeUJTMzMxVmZQWnJfTTM2OFdzTDFTOHRfNEVCbVM3b2dibERCa2Y2bQ?oc=5,"Fri, 07 Aug 2026 08:59:00 GMT",2026-08-09T20:50:27.314681,en,"Talks with BN on Melaka seats ongoing, says Hadi - Free Malaysia Today",False,False,True
GoogleNews-The Malaysian Reserve,unknown,"Johor polls raise pressure on Melaka, Negeri Sembilan as parties test strength ahead of GE16 - The Malaysian Reserve",,https://news.google.com/rss/articles/CBMi0AFBVV95cUxNWk1iVWZTU2lTVlBDOC01MjBIbnNoZExnMGg0elJMRkZ4aFo2QmZIRFBIRjlxOUFTNzdPTGotdWtqZWNmeUZhbjdCTnkxdXNCUUhNbzh4ZG0yeEZWbnNCNnRDUVZRTUF6aTdacmFJWktPM0NzVG9XZ2Vrb3JfQ0pPZFIybWhJY1lFSzJaaXR0YTFMYWpiQ3dlbTBWbnZCOXF2V0lnYVdiLXBrel9RQ3lqb2JIUmFWSUdTZlYySGpBazNiV1c5SEJiRXRNMjhmaGpP?oc=5,"Tue, 02 Jun 2026 07:00:00 GMT",2026-08-09T20:50:27.314681,en,"Johor polls raise pressure on Melaka, Negeri Sembilan as parties test strength ahead of GE16 - The Malaysian Reserve",True,True,True
GoogleNews-Free Malaysia Today,independent_left,"Melaka seat talks crucial for BN-PN pact, says analyst - Free Malaysia Today",,https://news.google.com/rss/articles/CBMitAFBVV95cUxOQzFIcFBPQVRqblBVVDF4Q3BTRUcwSEdvUFN5NEt0NmU4dUlWeURnQ21YazZSUFhHVGRUaWtER3JGbXVpWjdtcmgyT0VrQ2RMUU53Y0tUNnhIaGlSajdSTVUyOGVSUGFSYW9sb2NSMk9BRVM1MzhWU3QyVGpJUi1CSTFfVGl6ZVZFV0JUTmhDSzlSbEliZERPU0FDeW1pX3VIS196aXBNN1NGMkpZU1NEZmtoYUo?oc=5,"Sun, 09 Aug 2026 00:30:00 GMT",2026-08-09T20:50:27.314681,en,"Melaka seat talks crucial for BN-PN pact, says analyst - Free Malaysia Today",False,False,True
GoogleNews-NST Online,establishment_right,"PN open to seat talks, swaps with BN for Melaka polls - NST Online",,https://news.google.com/rss/articles/CBMimwFBVV95cUxOY2lsLXRIaWphUzM0S3lUcFluVENEby1fVjFfS3hQRC1yTDZBbDRORGdXMWh0V3piUnpCR0UzTzZLdGJ3VzVld3N3Y3YwNXY2bEdCczlyc0hPRFFxTFFRRzdoWGktdW1Zb2QzWG9CQzNlNEZnUjloY3pZYnByZG9qMzVkV2dXaUltZmU0MmktaXFzaUFtRnkzVGN6TdIBmwFBVV95cUxOY2lsLXRIaWphUzM0S3lUcFluVENEby1fVjFfS3hQRC1yTDZBbDRORGdXMWh0V3piUnpCR0UzTzZLdGJ3VzVld3N3Y3YwNXY2bEdCczlyc0hPRFFxTFFRRzdoWGktdW1Zb2QzWG9CQzNlNEZnUjloY3pZYnByZG9qMzVkV2dXaUltZmU0MmktaXFzaUFtRnkzVGN6TQ?oc=5,"Sun, 09 Aug 2026 07:13:32 GMT",2026-08-09T20:50:27.314681,en,"PN open to seat talks, swaps with BN for Melaka polls - NST Online",False,False,True
GoogleNews-The Straits Times,unknown,Johor state election: Five key battles to watch for political shifts - The Straits Times,,https://news.google.com/rss/articles/CBMizwFBVV95cUxQWGNHak9sNm1ENDBzYUUxQ3h2WHF6ajhibnhjLU5oelJ4WWk1WXkzcm5iWnRTZjd3R1RkSHVBTWl0UGhxZUFEWVI5TGpGVE5qVTdlY2VPMWxSakNEcjVoNUtLQ1NpeTlDaUdnMk9xSVJ1a3FReDUtbVZZcnZsOWdhT09KeWxCQ2JaSG9zMEdpX2JKUzZ0ZE9XT1l4dTRLMktpWW5OVUswOE5YbFhXcjdOaktUdG5sU2ZhZDBncTduX3Zqd20wTnVtZlFoUUd0UGc?oc=5,"Sat, 27 Jun 2026 07:00:00 GMT",2026-08-09T20:50:27.314681,en,Johor state election: Five key battles to watch for political shifts - The Straits Times,True,False,False
GoogleNews-The Malaysian Reserve,unknown,"PN, BN in early seat talks for Melaka polls, says Hadi - The Malaysian Reserve",,https://news.google.com/rss/articles/CBMinAFBVV95cUxQN19pU1ltQ19BcThlSDZVQ1Fybmd4RlVacXNYUWxxU2xpeTdjX2drOUhvNFdvczJiTkluNkNINEp6TVluNC1vejJqNUNzdTFCcmE2d2VLWjY0RU1FaUgyN3pndk91dV9CYlM1UEpEdlBTSW1ucWRSNTJBNUhuYk5HaV9VMktyNzYzZ3ljWGZaTG8wUW1ZYVoyM1ozaFQ?oc=5,"Fri, 07 Aug 2026 08:16:09 GMT",2026-08-09T20:50:27.314681,en,"PN, BN in early seat talks for Melaka polls, says Hadi - The Malaysian Reserve",False,False,True
GoogleNews-NST Online,establishment_right,"Pas open to talks on extending PN-BN cooperation to Melaka, federal level [WATCH] - NST Online",,https://news.google.com/rss/articles/CBMivAFBVV95cUxOZkxWMEsxQU9QbzhNNFdEaFFIWV85cEFDeV90MkxiXzdFS2ZSRHZrY0VDMkQxdmxUMnJySXJ2ZmZpM1JGWGdBdkI1Q216MmpGcm9LZVp4eUVPMjZ1eE40OTREWDEzZUg3LXUtZlIyc1BjX3U3d2R0SVE5Z2RRRXlGQWRwektQMFp5aGllMTNKRUNtT29aa01hY1FxVzVLUnAzNVEtU2lvbmJsakFjYmRsZXdYX0NwZ3BOTDk3edIBwgFBVV95cUxQYVkxVzBpMXJfYWFRcVhQY0txLU93TEU2V3hRbnVnRmVrUFZoN1hmYU1QNmZxOUtrSnlBU2tCaTRPNHFLbkJvcE5IVHI4T3FlQ1o1OEM2YThlRy1IeW11ZHY2bTdXVlFzc0VSemYycU53bWM4ZXU2TkZZSkNybHFQU1pnSnhRa21pUjFIbTJlZTVMal85c1JnN3d2cVlBc1FLLVNoeTBGdmd6YVFjT1VTXzRkV1BZMDJocTJjSlppUUFLdw?oc=5,"Mon, 03 Aug 2026 04:38:36 GMT",2026-08-09T20:50:27.314681,en,"Pas open to talks on extending PN-BN cooperation to Melaka, federal level [WATCH] - NST Online",False,False,True
GoogleNews-The Star,establishment_right,"BN, PN set for Melaka pact talks to replicate understanding in Negri - The Star",,https://news.google.com/rss/articles/CBMiuAFBVV95cUxPbXg2MXhEeFI4U05pSDQwUHp4U2lZRWpaRjBxaEpQSzBwSllCdjNiYlQycVRncWVkZk9Ta0hhUHlRclpOWVF5WUZRS0YwSmtpeHo1SkVpRDViUUI2YTUxSHF5UFpXT05aMnh1RW5GbVdBeWRGRlp3eVFzbXVBalluV3lGU2VDLUR3VU5YaUE1aWVGNmh5N1U4aDc2Tmp0eVZ0XzMweGJqTVFCbmRValdlV1F5dklGMnJN?oc=5,"Mon, 03 Aug 2026 23:34:29 GMT",2026-08-09T20:50:27.314681,en,"BN, PN set for Melaka pact talks to replicate understanding in Negri - The Star",False,False,True
GoogleNews-NST Online,establishment_right,"Seat negotiations with BN for Melaka polls ongoing, says Hadi - NST Online",,https://news.google.com/rss/articles/CBMiqgFBVV95cUxOcWVQX1lRSkR0bEFVUjQ2NE41elVZUXdVbDhHUHZjejJ3RmJDSVUtUFNXWkgwM0lkbEpYVnJpOWttOXJoYjQyUkVtN3JzNl9YTWJsZU1ubHRDbEp3NUZ3UDRpVThCSHFqZkFCTGhac1cwQTBYWW1JOF9GdG14Nkt3TUY5b0M0MlhBX2dnVVNqNW03X3RRYnloTnlOQkpTNmZsbDYzR2ZwSkNfZ9IBqgFBVV95cUxOcWVQX1lRSkR0bEFVUjQ2NE41elVZUXdVbDhHUHZjejJ3RmJDSVUtUFNXWkgwM0lkbEpYVnJpOWttOXJoYjQyUkVtN3JzNl9YTWJsZU1ubHRDbEp3NUZ3UDRpVThCSHFqZkFCTGhac1cwQTBYWW1JOF9GdG14Nkt3TUY5b0M0MlhBX2dnVVNqNW03X3RRYnloTnlOQkpTNmZsbDYzR2ZwSkNfZw?oc=5,"Fri, 07 Aug 2026 05:56:28 GMT",2026-08-09T20:50:27.314681,en,"Seat negotiations with BN for Melaka polls ongoing, says Hadi - NST Online",False,False,True
GoogleNews-Free Malaysia Today,independent_left,"BN to defend all 21 Melaka seats, says Zahid - Free Malaysia Today",,https://news.google.com/rss/articles/CBMipwFBVV95cUxPZDc1SXhiNEZhcTMwSXBIYkdJWFVtQWFhQVFmaWxkU1hWUDlYZ3puWkhIMzEwWF8yUzN4a0FvZ1ZudDFwWm9TdnFHd2UyTkRQSVNzV2Nyd0VQU0tqdlNFNFdJNnBYbXpBOTBoTFJsd05KZ1lpY0w2eDRFVGJJcEloVDhJV24zS1ltTE9DNkoyeEFyY3pMMGdFY291WTBmWUhuUmlDejgxMA?oc=5,"Thu, 06 Aug 2026 05:07:00 GMT",2026-08-09T20:50:27.314681,en,"BN to defend all 21 Melaka seats, says Zahid - Free Malaysia Today",False,False,True
GoogleNews-Free Malaysia Today,independent_left,BN win in Johor won’t necessarily trigger national resurgence - Free Malaysia Today,,https://news.google.com/rss/articles/CBMivgFBVV95cUxQdVRueHhrNEVXZUlIanpZTkhYVHJad2VPRldFZ0R5Q3hIU2pTazBoZG1iUVFEV25OR0RwSjFFRHAya1pRZGJxN2NxeFRmTnhibHJZQU03V1NYVXlBbk1kdEtjcnZ2MkpPdndPRnNQVXdua0Z6N1laWTJ6SUVHV1liS0NyOV9JcG5nM0ZzMXJ6Y3dmbElqMFJsSzdfbVhtekxZT3VaLWYwbTJ5bTZ4Z0ZlS1J5aVNmdklkOF9BUWdB?oc=5,"Tue, 07 Jul 2026 07:00:00 GMT",2026-08-09T20:50:27.314681,en,BN win in Johor won’t necessarily trigger national resurgence - Free Malaysia Today,True,False,False
GoogleNews-NST Online,establishment_right,Ahmad Maslan confident BN can hold its own against PN - NST Online,,https://news.google.com/rss/articles/CBMipwFBVV95cUxQRFp4LVB2SGJ4UElYWTNuSzcwU01xbmsxbG5RV1NTTUZ1cXhmMFV1cFlHNkNXdkhBXzBIVWdmaVktZ3lQLVFlNGNnbFRJUlYyX2VXa2owakFUbjNPUzNPRVdQTlNQeEhhUU5VZmdBTnF6OWlTQ1FUQWg4YmEyUWFuSnVqcFkxZGpCSkhzQWxRcXdxZFJ5dm5PQ0w2a2ZkYktPZVJJMTlqUdIBrAFBVV95cUxPMkdpTld1UjhneUl6SDBPdWRJMHdiZ085aGpVODREbjBrekpNbFRfMGJacTE4X3d0ek5kYzVUOW9TYVdCTHRnVUROV2pEdUl2NVRkRl9PUGdJa1NyNC1OaHFweTJsOG5kS1p6S1hHVlQ5VjRReWpUUXVUR09udnI4aVhxeE5adWdBUUg0bzV4dzhCQkJ0U2tZdkx1b19fV3BYN19CMmUxZ2t6SDhS?oc=5,"Fri, 24 Jul 2026 07:00:00 GMT",2026-08-09T20:50:27.314681,en,Ahmad Maslan confident BN can hold its own against PN - NST Online,False,False,False
GoogleNews-Free Malaysia Today,independent_left,"PN open to seat swaps with BN, says Samsuri - Free Malaysia Today",,https://news.google.com/rss/articles/CBMipgFBVV95cUxPSFJlVFVyVmpVMFRVVjh2WXpGUDA0RVZLNUFiSVE4N3N6bmRQQ2JuUFlkaEZlUEhuWmpTQ2paYVRwQ0Z1TkRKLUdtNzE1aFVzMnpZMVdPZjR4TmRJcG5mcnUtSXp5UDJrbGFVeUxoZTZYd0c4dHNWM1ZEVlp6RThmR2tpX25ESm9JT1BsOXNEZU5MQnR0dDhRTl83QkZwQ1ZKWTFna2xR?oc=5,"Sun, 09 Aug 2026 07:53:00 GMT",2026-08-09T20:50:27.314681,en,"PN open to seat swaps with BN, says Samsuri - Free Malaysia Today",False,False,False
GoogleNews-NST Online,establishment_right,"Hamzah: BN, PN must compromise on Melaka seats to sustain 'Blue Wave' - NST Online",,https://news.google.com/rss/articles/CBMitAFBVV95cUxNR1VZQWVrVDN3NFRkck9ub1FFN1pheFA1RHBjbm9DcXliYlhvVDAxWXpDMkNVbVdQRjZMQXgtSlU5cjF6UVdqdV82MGVteGloTkpWeUJtMUczN1MxMHd5VzE2bzZ3MUpISkFiMENwLVlHZkNXWjllZWlHZnhWclh3NFhPa2FWcEhGdW94QkQtX01fM3FBSHVjdlhsWlYwOWN3bTJRRkhua3VuNmQxejhiclN5aVLSAbQBQVVfeXFMTUdVWUFla1QzdzRUZHJPbm9RRTdaYXhQNURwY25vQ3F5YmJYb1QwMVl6QzJDVW1XUEY2TEF4LUpVOXIxelFXanVfNjBlbXhpaE5KVnlCbTFHMzdTMTB3eVcxNm82dzFKSEpBYjBDcC1ZR2ZDV1o5ZWVpR2Z4VnJYdzRYT2thVnBIRnVveEJELV9NXzNxQUh1Y3ZYbFpWMDljd20yUUZIbmt1bjZkMXo4YnJTeWlS?oc=5,"Fri, 07 Aug 2026 15:22:38 GMT",2026-08-09T20:50:27.314681,en,"Hamzah: BN, PN must compromise on Melaka seats to sustain 'Blue Wave' - NST Online",False,False,True
GoogleNews-Free Malaysia Today,independent_left,"BN keeping solo option open in Melaka, says analyst - Free Malaysia Today",,https://news.google.com/rss/articles/CBMisAFBVV95cUxPX29yTnlIZm5EY0pmZ216N1pWeGxzNFJLV3ZuSHo3VE5yOUp4OGs3a2JqbXNmUk9fRTZZQ2ctSGo0d0VSTnljOGd0QTNXbmdLMGhfTWNfTS13SXBvcVd2MFhIMEtkZ0l6dGZjUk5CTVFjWFJMNk4xdHJoUDl1YWZoLU83M1VHQVVPbWY1TE1taXJWQzVWZnJvcUNnQTA1XzFzdHBiUFA2X1BHb1lGdGp0Qw?oc=5,"Tue, 04 Aug 2026 02:00:00 GMT",2026-08-09T20:50:27.314681,en,"BN keeping solo option open in Melaka, says analyst - Free Malaysia Today",False,False,True
GoogleNews-The Edge Malaysia,business_neutral,"Melaka polls: BN open to cooperation with any party, says Ab Rauf - The Edge Malaysia",,https://news.google.com/rss/articles/CBMiUEFVX3lxTE9rRTh0S1YtakZ2aC1RRzM4ZlJKOFhzYmdaSzNjQUhHOXkwek9fSEJ0MGpWclFsWFdOQlRaMDVPeGZ6cWJOUWRmaW1sbDJmeEVy?oc=5,"Sun, 02 Aug 2026 06:42:47 GMT",2026-08-09T20:50:27.314681,en,"Melaka polls: BN open to cooperation with any party, says Ab Rauf - The Edge Malaysia",False,False,True
GoogleNews-NST Online,establishment_right,"[UPDATED] Hamzah: BN, PN must compromise on Melaka seats to sustain 'Blue Wave' - NST Online",,https://news.google.com/rss/articles/CBMiugFBVV95cUxPZXA3TUlSTVhmS0VPSjB2bGxiMmZZVnFFMzVCOUxZV0NJeVRwQWdHN3hWNUxvOU9CNGppS3o0WVhUQWtOUWd5Uk5jOGhSYnU5VWFkWU03UnpPanAyXzZ1TjVXQTFtaGhLYS1VYU94ZWxRMkMtVDdhZmNUMnpUa192MEZjOUQ5aGhIT1ZNWUVaWGxTM1hjblFjcEZfRTV4SkxOdmhMVXhwYzE2ejVtMFpnUVFIMGNGZjZ4U0HSAb8BQVVfeXFMT0o3VVBEZTR3anFibVpwSWJwb2N5Njc5dEx0OXNqeTJHck95M2pqd2RSNXctaHgwbHRNV2R5Y0oycENUZW1XdnBzUmRBcjlFQ0ZTNldfNlNHVWJSbUtFZVV1Q1dRejlfV0V2QUpDVUlMM2tfNjhWUzVaMUJ4SFFBTlAtZVd4UUR1Ylo1bkYxV2p0OWZEdWlvSFdfVWlmcTZlajZ6ekUxLWcxY0ZRMU82YnBRblQydmd6RGVFNWhaZG8?oc=5,"Fri, 07 Aug 2026 15:22:38 GMT",2026-08-09T20:50:27.314681,en,"[UPDATED] Hamzah: BN, PN must compromise on Melaka seats to sustain 'Blue Wave' - NST Online",False,False,True
GoogleNews-Free Malaysia Today,independent_left,"BN open to Melaka seat talks and swaps, says Zahid - Free Malaysia Today",,https://news.google.com/rss/articles/CBMirwFBVV95cUxPSFlmaHM1LWtxajlxMmZBMGV2Q1J2ZzEtS2p0SzljNkNhZU4xc3RzOEFrMWxrOTJEeUYzTGZ1d0pVSGk1Sl9xdFphVGtPaGhDZjR2Q3ZCOGlxb0YyS21JLXV1U2szTTlKRnM5cGxVMXd4dmJuTk91a0RoUmhJbDRHQVR2Vks4ZzNGWDFmN2lUVU9qeG5TeUxVVEdjSmNxUnVVTHpVc1lrTUE1em14YmVR?oc=5,"Sat, 08 Aug 2026 12:38:00 GMT",2026-08-09T20:50:27.314681,en,"BN open to Melaka seat talks and swaps, says Zahid - Free Malaysia Today",False,False,True
GoogleNews-Free Malaysia Today,independent_left,PH in touch with BN on seat talks for Melaka polls - Free Malaysia Today,,https://news.google.com/rss/articles/CBMisAFBVV95cUxNRm9icEJ2R3NwNl9pWWtKbm1pbkJMMzR1RUw1SWJOYU1qMS1CeE96RkNVX01QZnJpRmZOemZqOTFwU0tXbG9RTFFacTBrTEdPWUF0aGFNaVRMa1F3RUpJYjdMczhMSVY0a0lUZDZ0UGtKRFBMMDUtdTRCenh1cWhTSnVaVC02Q1VwTmZ2OGpILVVDeHpnUlNHNG9meVpfMDlUekl6NkprZl9zNVhsallXZQ?oc=5,"Sun, 09 Aug 2026 04:45:00 GMT",2026-08-09T20:50:27.314681,en,PH in touch with BN on seat talks for Melaka polls - Free Malaysia Today,False,False,True
GoogleNews-The Edge Malaysia,business_neutral,N9VOTES: BN-PN claim victory in Negeri Sembilan - The Edge Malaysia,,https://news.google.com/rss/articles/CBMiaEFVX3lxTE9IQ1F5S0RIcExTakJkSVFWTXZDVGNYdG5weU5zQnBqVUtOZ3pQZmpDRko3enQzSmlVYVBfc0M1Sm1FdUpxLS0wMllqZGx3LVdrd1E5SlBDLTYzRWVnNVp6TEdXRE8zXzNI?oc=5,"Sat, 01 Aug 2026 15:37:00 GMT",2026-08-09T20:50:27.314681,en,N9VOTES: BN-PN claim victory in Negeri Sembilan - The Edge Malaysia,False,True,False
GoogleNews-Free Malaysia Today,independent_left,Hamzah calls for give-and-take in Melaka seat talks - Free Malaysia Today,,https://news.google.com/rss/articles/CBMisgFBVV95cUxNZHhBc01tRHRfYXZucl9CLXh2dzB6aGYzaVZiZjhjTWtNRlZXRUxwMm1qYkJuM09pYUFQT0NNaXUxR3FseUlWQmNIcG9yUVpYV0ZPcTd5cGh0Y0JFVFd6M0JEeEs0R1lrUmNjaThrWS1WQnJmSWExaVp5a1g3dWtLbW9mWlZQZTJaOTJXODgyRkNrbVdkM2p4em5fYmNxbUJaeVZ1N00zNWZpeS00a0FwT3d3?oc=5,"Sat, 08 Aug 2026 05:49:32 GMT",2026-08-09T20:50:27.314681,en,Hamzah calls for give-and-take in Melaka seat talks - Free Malaysia Today,False,False,True
GoogleNews-Free Malaysia Today,independent_left,Biggest winners and losers in the Negeri Sembilan polls - Free Malaysia Today,,https://news.google.com/rss/articles/CBMitwFBVV95cUxQcGlhMHRRN1NSVzd6WF9zVGJjendhZUVxN3VLMGFIN2c0dVNwQzVGdWVISkdwQl9sOFZtOG1sdmVQQkpGTXE5anktZXpkMlBPak40RmJFQjJZV1NjLVhkNHJ3X184RFR6N0RWR3RKdzFrZmRaSmpQMlAxamFVbjNMSTVzM1ZoZ0l0aXRxem9GTWV5Wk5GT1N4NTBEV2tIQndJWVBwVlNVT1RUNjYwczVHMDd6UjBTNWM?oc=5,"Sun, 02 Aug 2026 06:00:00 GMT",2026-08-09T20:50:27.314681,en,Biggest winners and losers in the Negeri Sembilan polls - Free Malaysia Today,False,True,False
GoogleNews-Free Malaysia Today,independent_left,"No talks yet on BN-PN cooperation for GE16, says Wan Rosdy - Free Malaysia Today",,https://news.google.com/rss/articles/CBMiugFBVV95cUxQVEFPQWVlZkZ6amdlbERkd1c3c3E5MGtiVDA5VHNDYXFQMFVSSlp2cDhYbWktazZQbDlmZzh1c1lHRXFwVGF0ZlRxazFlT0VjQ3dHaWRxUDdvYzhKX3F3RUxDWXhVcW9VZ0xnSzY2dTlncG5TUmQxSVRUZ3doVGdKLTFubGsxaDhqYTA3bG53VHhtNm5ibGZaWVF1SW9FaTI2SVdHdnc3a2IyM05sTnlmVGY1QUtYdV9VS2c?oc=5,"Sun, 02 Aug 2026 08:56:00 GMT",2026-08-09T20:50:27.314681,en,"No talks yet on BN-PN cooperation for GE16, says Wan Rosdy - Free Malaysia Today",False,False,False
GoogleNews-NST Online,establishment_right,"Discussions with PN in Melaka won't necessarily result in pact, says BN's Rauf - NST Online",,https://news.google.com/rss/articles/CBMitgFBVV95cUxQTDBpZldtcGVKXzVxelF6SlBIS0FiT1BLcWNiLWRnSll6cWVrU3BicnNMeGtSelpzdV9DM0xCUTFrNUs0RXdldGZOanNhV2x0ejU1RFkxMzRyNmFDdXhzdnB1OWlBTlYyVy1iOW5BVnkwNUJ5VlM5am9naFg4bkUzRUxoWWFfaXBCc1U2eUx1a3NmeDdtNDJPWXR5cm5ESjR6S2lvemxaUWpLZmRJbTNSY0xhZGFQQdIBuwFBVV95cUxQTHpYLThSLUZoYTVYdzdZZHNuWmdvTnlwdmtRZWNPaEtPSllveHcxZXhJWXJLUUFnRG54SHBnRk5YN3ZwblJFa04xOWJZSHVuUlRBdG5sc3YxenVWREt1RFpCaEdKc3YySS1yVXUyWWJIUHVEbkt1dU9IZExqaGdQaGZGV2NrQzRBZFZKSjRFcERPeDRteC1tRkE5bC11aHlqbFZhU185dlVvcjZLcHlEaHljWV9wbi1ycmZJ?oc=5,"Sat, 01 Aug 2026 07:00:00 GMT",2026-08-09T20:50:27.314681,en,"Discussions with PN in Melaka won't necessarily result in pact, says BN's Rauf - NST Online",False,False,True
GoogleNews-Free Malaysia Today,independent_left,"Where’s BN-PN’s ‘Malay unity’ rhetoric for Melaka, mocks Puad - Free Malaysia Today",,https://news.google.com/rss/articles/CBMivAFBVV95cUxQemx0U1V4STN4OFo0bVBfZGk5eGpueFdpRWI5d09SOEo1N0NmVW9MOVdJd3ppVkt5WmpESV9FeWJUWmp0amlzNGlYVk9YUXJJMl9SRlVnazF4MXozdnQtamtzZzd4cjRJQ2ZVMmRMTHZSUnEtM1ppcHltSnY4SWg5eGhLdmlGUnJpXzFrTFpnbk9KSkdjbkw4cmxpSU1ZTXU0ZmJxU2xJRUVjWFJ2MHZQM3MwYkxCTkp1dHdqSA?oc=5,"Sat, 08 Aug 2026 06:00:00 GMT",2026-08-09T20:50:27.314681,en,"Where’s BN-PN’s ‘Malay unity’ rhetoric for Melaka, mocks Puad - Free Malaysia Today",False,False,True
GoogleNews-Free Malaysia Today,independent_left,KJ theorises why Zahid may keep backing Anwar despite BN-PN gains - Free Malaysia Today,,https://news.google.com/rss/articles/CBMixAFBVV95cUxQN1hLbV9xTGNGMXJIUlh4bWh1NWFUZWVfWG5WNXo0SWphSGtSRjZUbW5RSnM4X1RKNmRIVTUwZTliTjZiaVhETTBKUFlUcEtrYmNwM3FmS0tPTGRPY2xiQ1Z3QVRIMDItemNJbE9HczMzSktZQ1pzWk1JUGZuT2phM0FveVl1SVp3LWlGWTF2UkQweXFCQm1JT1dFZnYzcVl5TFF3dlZ6NHZNWGJaNktIdklqUmRMNGZTa25PTTVSZldVaE42?oc=5,"Fri, 24 Jul 2026 07:00:00 GMT",2026-08-09T20:50:27.314681,en,KJ theorises why Zahid may keep backing Anwar despite BN-PN gains - Free Malaysia Today,False,False,False
GoogleNews-Free Malaysia Today,independent_left,Zahid unsure if BN ‘blue wave’ can reach PAS states - Free Malaysia Today,,https://news.google.com/rss/articles/CBMirwFBVV95cUxQZDRDcjV1dGV5aDRSWm9FblNZbFNrZnRieGFxQUN3N01HZjU3emxpYWt3SWRFZTFnWUNnVHhRNHdTOVRtNGFiWEs3cFVrMzhESGkyZ08tWTJvQlpiaEdaTlc3OG9JWl85UXdyLTU3Zy13cDhScjYtbDV3SEZGM1psbTdwNFJTN0hCcTlKdVhBcVJ4UEJYTXhIelJfM1RwUkN4UTdiUDRKc2c0SnFqVlNr?oc=5,"Thu, 06 Aug 2026 04:53:00 GMT",2026-08-09T20:50:27.314681,en,Zahid unsure if BN ‘blue wave’ can reach PAS states - Free Malaysia Today,False,False,False
GoogleNews-Malay Mail,centrist,"Melaka seat swaps on the table for Perikatan, Samsuri tells BN - Malay Mail",,https://news.google.com/rss/articles/CBMiwAFBVV95cUxOaVBzeC1TVUlYMmZ4dW92Q2xFTXc3V0lDZV9KYjFvV0NYWkU1QUlQbHNabGFlUVRWRHZGNC04TS1nNGd2N1dYNy03T3RxM0RlMmNob3gwZGJ1WTdoWUx4WlFjdmdQdVpST2g2bjBqVVcwRWFkU0JRUlZwVU1KWEdzZldrMi1FWG9DV3NiQm1OS3dPNjJwdl9pWlJMVDFSMVJCc3dJQS0waW5YMmFvS3Q1SUMyaW1xTndBNnRjdHNQYjjSAcABQVVfeXFMTmlQc3gtU1VJWDJmeHVvdkNsRU13N1dJQ2VfSmIxb1dDWFpFNUFJUGxzWmxhZVFUVkR2RjQtOE0tZzRndjdXWDctN090cTNEZTJjaG94MGRidVk3aFlMeFpRY3ZnUHVaUk9oNm4walVXMEVhZFNCUVJWcFVNSlhHc2ZXazItRVhvQ1dzYkJtTkt3TzYycHZfaVpSTFQxUjFSQnN3SUEtMGluWDJhb0t0NUlDMmltcU53QTZ0Y3RzUGI4?oc=5,"Sun, 09 Aug 2026 08:52:00 GMT",2026-08-09T20:50:27.314681,en,"Melaka seat swaps on the table for Perikatan, Samsuri tells BN - Malay Mail",False,False,True
GoogleNews-Free Malaysia Today,independent_left,"I’m prepared to negotiate with any party for state polls, says Melaka CM - Free Malaysia Today",,https://news.google.com/rss/articles/CBMizAFBVV95cUxOdHR6RXNCT200M0tfX3NOeE5wSlZoYndFUFUxenppMnJRVHB4d1FoYjU3Mmc0LXVyZS1Zck5lTnJUUi1weng3N2RFX3Nnemp1WmQxb1BoV1pTcHowTmNXd01lOWQ4RUVzYnowaDNrSVowR2RNbWRjTUhtM2RRZnNlSHpOeVdUd1AxdGkyR2R3TUs0eWxMVGl6TS10bDBvMlhPck42TXZ0ZkNXLVZrOWZuM0RNcUV2SnlxVUc2NmFtNHp1UW1XbWdzNk9lLU8?oc=5,"Sun, 02 Aug 2026 06:46:00 GMT",2026-08-09T20:50:27.314681,en,"I’m prepared to negotiate with any party for state polls, says Melaka CM - Free Malaysia Today",False,False,True
GoogleNews-Free Malaysia Today,independent_left,"Commanding win for BN-PN alliance in inaugural polls, but uncertainty looms - Free Malaysia Today",,https://news.google.com/rss/articles/CBMi0AFBVV95cUxNRGZYbWdhSE1Qc094QU5YWEFEUGtmd01Ga1VkbHhhUklXd3RmbThUWmU1M0llQTJVSkxVdXlzTjlGbUNyNnN5TXlTdDRZTnRNamJHbG40dmdEZF9WeXlFcVpIVmlxSjZ5czV0bXdvenVDWmh4MnJaRUtKRzczcnI5Zkh3S1lRZXRZczFXS2d1bzZpOUR4d3pvNFpDWk9tUXoyeGRSTzhPdXk1YXJUSlZKX0steEVaamtFRC11OTNyUEpKdjdUQWZUbUUzUEJ2UTBB?oc=5,"Sun, 02 Aug 2026 02:33:00 GMT",2026-08-09T20:50:27.314681,en,"Commanding win for BN-PN alliance in inaugural polls, but uncertainty looms - Free Malaysia Today",False,False,False
GoogleNews-Free Malaysia Today,independent_left,Amanah questions BN’s commitment to unity govt - Free Malaysia Today,,https://news.google.com/rss/articles/CBMiswFBVV95cUxOYWRyVVdpcEhUT0FpcmN4N1c1d21Id2xVenNLQXVvWFctVG9RbnU0M3k3T2xhNU9ReTRCVEpSSjJNSVJ1YjRBcWtYekRjMHg5T2FyTmtvaVYtelcxRWtRT2NsdFFJYkxiWlpHWGc4WndfZUlrVXFINWVoMy1RSFZ0U3NKdkhvS2syN0lGUHMzdlZ3QkNGRlZCRFdkaGQxOHpsR2dPcXI0dE5RSHAxamxQNHRNbw?oc=5,"Mon, 03 Aug 2026 07:38:00 GMT",2026-08-09T20:50:27.314681,en,Amanah questions BN’s commitment to unity govt - Free Malaysia Today,False,False,False
GoogleNews-Malay Mail,centrist,Open to negotiations: Melaka MB says willing to discuss cooperation with any party for the coming state polls - Malay Mail,,https://news.google.com/rss/articles/CBMi-gFBVV95cUxNZ0dGYVJCM3FKd2NNb2FONVRJZlM2MEV5TWdsclZlZXJfRkdWbkFLQWxXSm9WTVk2NWRpZXMyX2xUSlQtSDl2R0xSSFpFTFlHaXdudWtYMWdadDl4YTlYejIyNXRMcWJaTWEyTDNqOHJHNllFSldMcHRVOUdxU0x0MkRSZTlZd1FGZEJkVmJYakFwaDNBc2NJZmhpa3loSkxiYUEyTGtuaUhfUEo5M1FNekl1MU1uWkcwdnFaYnduSTQ3NElidzRHWTYxZTlsOWJNamNBeElXREdkNzRZMktyc2J2YkNzT0tpX2VpZHpQMXJ4VGtXVUZ6U0N30gH_AUFVX3lxTE5OUjdETklLTHZHazBLUTJ0RERjQjZpaHRVUkFxNWdENXdYZVJLbFVsVWVSSHIwZDlPNFZMUFhPdXpwajNTaWpDSDFLSDJCc1YzQTBiQ1BHTDNoOW1WTlZPVXVzY0RLMi1FZVExQ1NlNEZXbDh4Y09feW1nMUhpQ0Fzb1pOeThlM1hZblBPZDJTNlZKSGluQXhLWVNlVGlmUEpHWURzZGVUM0lpTlBHVFppeXVhWEJ6aml2eldBWUJINjlVV0xDZ05WMmJrX2JRNFZJY2NmbkJVRUhIYXdNVGdkdEdndTJuck93UGctMllaTEVOaU1ZLVRfemp1TEhKbw?oc=5,"Sun, 02 Aug 2026 07:16:00 GMT",2026-08-09T20:50:27.314681,en,Open to negotiations: Melaka MB says willing to discuss cooperation with any party for the coming state polls - Malay Mail,False,False,True
GoogleNews-scoop.my,unknown,Melaka set to test BN-PN alliance as analysts predict coalition can retain dominance - scoop.my,,https://news.google.com/rss/articles/CBMiugFBVV95cUxOVTE4TDVVNG9Ia0o4Q3U5M2oxbldlYVVBbG8xVmdCQlNTV0d5R0VLNXN5elgxV1poM3ZJb2puUlgwMkNxbWRQVTNZczV0enZRWExxY3FCbGlGY3hlTGZaRmp6dXlEX3UxX0hlaHk4alI4ZG1VRDdDdFV0bWxaMC1zaDhjYk5RR1kxd3VPZ3J5UTJYM2VCeUUzS3doQmFCOUI3R2tUTW43dk9ySW80eG83cGdOa1QwT2xwdFE?oc=5,"Fri, 07 Aug 2026 04:01:18 GMT",2026-08-09T20:50:27.314681,en,Melaka set to test BN-PN alliance as analysts predict coalition can retain dominance - scoop.my,False,False,True
GoogleNews-Malay Mail,centrist,"Perikatan and BN negotiations for Melaka, Hadi says goal remains to ‘unite and save the Malays’ - Malay Mail",,https://news.google.com/rss/articles/CBMi6gFBVV95cUxOX1JINzFHLWd5U3BvV0x1dkVIV0dnRk5rRUVrT0NNVlhhaWt5dTVfbkd2dFN6eUw0eTRZLTZMVEY0WF9uUTFENmpRUUhkRDFtZHFZQ28zU3FIdmY3bHNuc2stWmZWdVd0bGRaaUZmY0ZfM095c2Exazd6dl9JeVpweHI5dk9UQzJVRDZKaHR5VnY1Z2JCdlpCWExDQTdNR1ZLQ0hHaWY2aVZUYWxjaWFsQmhpTnRiczhyWE1wa0ppb3NiMEtJNUMybTlGLS1lOTFsMkJmY3lXWi1PLXlMZC10Q21nOUFoUGw5U0HSAeoBQVVfeXFMTl9SSDcxRy1neVNwb1dMdXZFSFdHZ0ZOa0VFa09DTVZYYWlreXU1X25HdnRTenlMNHk0WS02TFRGNFhfblExRDZqUVFIZEQxbWRxWUNvM1NxSHZmN2xzbnNrLVpmVnVXdGxkWmlGZmNGXzNPeXNhMWs3enZfSXlacHhyOXZPVEMyVUQ2Smh0eVZ2NWdiQnZaQlhMQ0E3TUdWS0NIR2lmNmlWVGFsY2lhbEJoaU50YnM4clhNcGtKaW9zYjBLSTVDMm05Ri0tZTkxbDJCZmN5V1otTy15TGQtdENtZzlBaFBsOVNB?oc=5,"Fri, 07 Aug 2026 06:52:00 GMT",2026-08-09T20:50:27.314681,en,"Perikatan and BN negotiations for Melaka, Hadi says goal remains to ‘unite and save the Malays’ - Malay Mail",False,False,True
GoogleNews-BusinessToday Malaysia,unknown,After Successive Victories BN Says Open To Work With Any Party For Melaka - BusinessToday Malaysia,,https://news.google.com/rss/articles/CBMiugFBVV95cUxQb0M1aE9JSGlDWWZXX29XQWJUcG9jTm9WcUluTjRHVWk5a3JlMm9qZW5iWEt5Rlp2T3V3MnktaVY3eUNCYTY5WG82WUstMDBKaFRzYzBzNHBfUXJOMThhMDhQX0hYaXdNanhxOEVPbjZUYkRGM2dkaHk2N1RwMlMyZjhqemZ2Y0xoYVpKSnM3VmVHdVZ4cEp4d0ZmcUk4ZjNxeGNJNlRLdThHdkk4ZGZhbWRMM015LUFTT3c?oc=5,"Sun, 02 Aug 2026 08:58:19 GMT",2026-08-09T20:50:27.314681,en,After Successive Victories BN Says Open To Work With Any Party For Melaka - BusinessToday Malaysia,False,False,True
GoogleNews-Lumi News Malaysia,unknown,BN-PN Wins Negeri Sembilan - Lumi News Malaysia,,https://news.google.com/rss/articles/CBMijAFBVV95cUxNWVhCR3RzSzFnbjJfSG9oQ0oyRVVpcG5lY2xCVjRSME5wdWd0ZUxPb2NvUWlxUHM5Y0Y2UzhneG5BZHdxV0toaVVPYUJwNzlZTUJqWG1VaEgxMV9vSUd5SmFiZHBOTk1GVC1aUHdyU3JXLXJKWjNUUkxZdktrY210OU1SZ09HcGR4UGNtcQ?oc=5,"Sun, 02 Aug 2026 02:48:04 GMT",2026-08-09T20:50:27.314681,en,BN-PN Wins Negeri Sembilan - Lumi News Malaysia,False,True,False
GoogleNews-Newswav,unknown,Melaka set to test BN-PN alliance as analysts predict coalition can retain dominance - Newswav,,https://news.google.com/rss/articles/CBMitgFBVV95cUxQYWZEbTM4TTliMjlJak0zMVU5Z25kaU0tNkV5TFhuRVR2OE1mRkNlQ24tR2laNFgzQXhHOEdWVWhLR2UtVXExZFpqQUI3YkgtWFhvX0otQ21QN25pWmlyeDZ2RUozZVpoM043a2NOQkduNGZHSWM2dDVNVWJoMDdqZGlpVEd1eVFic0MxbVp2clZwb1BCNHpRYklENmZKYm1RRzQ3UjVWc2JCN0dzSm5mbVdEdTJZQQ?oc=5,"Fri, 07 Aug 2026 04:01:15 GMT",2026-08-09T20:50:27.314681,en,Melaka set to test BN-PN alliance as analysts predict coalition can retain dominance - Newswav,False,False,True
GoogleNews-Newswav,unknown,Zahid signals BN flexibility on Melaka state election seat swaps - Newswav,,https://news.google.com/rss/articles/CBMiqAFBVV95cUxPV3d6M20xd1FIU281WEZTSU9kV1JDOW1XN1BQZGZUUnA0NEdSTm54UGlzYWJpbG0zeEx1R3ZwZ3Y2T1dJQi1KckUtMndNa1Z5blNHZUgwMVBld3ZaRy1iU3JUdlc2alZUdnZIQ1lqMWYwSEtBYTRjOWJpVkduV05qNWhGWm9mY2ZLRGc1ODBBNFZCcGJhV3IyUWJXOGZYUGt5QjB5TzREVGU?oc=5,"Sat, 08 Aug 2026 10:01:00 GMT",2026-08-09T20:50:27.314681,en,Zahid signals BN flexibility on Melaka state election seat swaps - Newswav,False,False,True
GoogleNews-Newswav,unknown,"After Negeri Sembilan success, BN Melaka opens door to wider cooperation ahead of state polls - Newswav",,https://news.google.com/rss/articles/CBMitwFBVV95cUxOTTVjOUFlVlRYUmI2MWJETDZRRFhRc2YzWXR3REp2cGo3alB0TWh2ZXdHY3dwc0cta2hxRVhFZUpSLXNCWjlHS042eWEtWjhWWnctcGpaRm9ybXA0UHV5ZWhOaXJ1OVVwRXN1bHJsMVpwSXM3N1NncUlFSWRqWjZYSUV3Y0xMUlRYRDBSbUNOYm9TNUFXenNFWUc3WXcyRnctQWJIVGg0WHF4ZEsxSmNmaFBDaTJNS28?oc=5,"Sun, 02 Aug 2026 06:04:57 GMT",2026-08-09T20:50:27.314681,en,"After Negeri Sembilan success, BN Melaka opens door to wider cooperation ahead of state polls - Newswav",False,True,True
GoogleNews-The Star,establishment_right,Melaka CM hints at state polls within four months - The Star,,https://news.google.com/rss/articles/CBMioAFBVV95cUxNVFJBRHpTalFHWFREN3JpNmVMaWtCZzhwZU9BSk8weWg3Ul92NU4wUXpQdWowUjNQemJSSEdaRWhVTXllQk9mcHFSeFNHU2REUjZnNXdVVG1yRUhENTAxY0pmSDVjTmJJdXpuOEMyWFJfNzhVNzh5RG9xRUdEYnU3ajlueXJHMlVmOWpRY2dIMEppUGVHVExDczRTdjY4dkJI?oc=5,"Sun, 17 May 2026 07:00:00 GMT",2026-08-09T20:50:28.726540,en,Melaka CM hints at state polls within four months - The Star,False,False,True
GoogleNews-The Vibes,unknown,"Melaka PRN to follow after Johor, Negeri Sembilan – Ab Rauf - The Vibes",,https://news.google.com/rss/articles/CBMipAFBVV95cUxPTnRpbnRwcUxEa3FvY3o1X3phT3Jwb3d0RU95b0NTaHJWbzJsX2g3SERreDgwWVR5TU5HWHJabVduSFNfTXRsdkNScXNDWkttSXVEekllUnlqamZoN2VnTVVGQk1jdWF4YXBwaG1EYjhLUVFEUnN4cjlibXRRUjRXcGtRSDZROXYtQmtxbl9pRm5PMkdDUVlZUFJ6QzFFVmNnNGlPUA?oc=5,"Mon, 22 Jun 2026 07:00:00 GMT",2026-08-09T20:50:28.726540,en,"Melaka PRN to follow after Johor, Negeri Sembilan – Ab Rauf - The Vibes",True,True,True
GoogleNews-Focus Malaysia,unknown,"“Now Johor, NS, Melaka can have simultaneous state polls, easier to gauge the Madani gov’t strength” - Focus Malaysia",,https://news.google.com/rss/articles/CBMivAFBVV95cUxQWFpOZF92OHRKa1o2RWdyM3I2MEh1Wm43eURfR0hLTEtBQmlOVHI4UnZ2MTRPdS1VOEQ5cjBmemQ2NlkwRFFFWFh4WGdsVHpjcExVLWhFR0YzcHFSeVR1VzhfeENFY1NzR3FaX0R5SkdkSjBEeVVUcnJuRXJzSEpmU0R5VzNsWTNSaTZMekFJVnRFVndfT3I3VlZhLXoyZHpwVm4xOWNCeHBmeTBhTlV4QkVJVnBRQ3NrZ1lUSw?oc=5,"Fri, 05 Jun 2026 07:00:00 GMT",2026-08-09T20:50:28.726540,en,"“Now Johor, NS, Melaka can have simultaneous state polls, easier to gauge the Madani gov’t strength” - Focus Malaysia",True,False,True
GoogleNews-NST Online,establishment_right,PN to contest all 28 seats in Melaka state election - NST Online,,https://news.google.com/rss/articles/CBMinAFBVV95cUxOVXgwNXRHQ1hsaGdJLWduSnlJeHVjalB0MlFQZGVTSGpIWjJLWkdPUk0xZU44blI0VXh2WUxwQk55Z1E0azEyaEdRSTdBanZPbnp6a20yUjk4NnhmaFJtbE1sN0NEUk9YMGRYRGFFbTZjOE1xVXJocUttbGtFVDNKOVRFZHMtQVhkYlIxNUdqOHJSc204RXd3WE1URUvSAaIBQVVfeXFMTzBBME5xT3V1eThtY3FiQnR3MndKT2JEd2R0WVhhaWl2anJSN0tIcFVnWHVJMDYwcms1X25PM01NWE9KcTZVRE9yWXFlQW9Fek9VTTR0MzVtQjUyU3ZlMUpia0lfOXdFajl4QllhQ2FSN0FjTmI3UF9xanNGMkw0dS1qaG9GZmZGNjFrRGJXYlpCSTgzUWRQNWtna2htU0JOemR3?oc=5,"Sat, 30 May 2026 07:00:00 GMT",2026-08-09T20:50:28.726540,en,PN to contest all 28 seats in Melaka state election - NST Online,False,False,True
GoogleNews-Free Malaysia Today,independent_left,Bersama to announce Melaka election candidates on Aug 15 - Free Malaysia Today,,https://news.google.com/rss/articles/CBMiuAFBVV95cUxQQ2M5TmJfSnhFaE9wQU9aWUo2VWdWQ2F5cU13TGxzU3ZsWHFwekp3dVdkc21FNzJyMzF5WTdtUDhwM21ONUhDQnV6TU9TaGhuMUdMbTFWcXY2WVVRZ3lIYUNuOWlZSnlWZ1BPRWRLZ0s5OVp3WkM1akFlUGwzMkc0enJxR0lBRjVLYV9wajRvc3M0dDdLeUVfYVlDUTVLa0IxYkVTVTFFY2N5LXc2MXZMcHByZC0tZFQ0?oc=5,"Sat, 08 Aug 2026 02:47:57 GMT",2026-08-09T20:50:28.726540,en,Bersama to announce Melaka election candidates on Aug 15 - Free Malaysia Today,False,False,True
GoogleNews-scoop.my,unknown,"Melaka PRN: PH welcomes BN’s seat talks, acknowledges 21–5 reality on the ground - scoop.my",,https://news.google.com/rss/articles/CBMisAFBVV95cUxOS3RhQ1VxWVdsWWdUZkJyazhkbzFWY2UteFhtYkdjM1NuVnQ3YXV3T3ZIUmYwNXVsMUdwTnBfb2xKTmlYTVZXT1JPUTljZzR6YUdUclRha3pwNURqd0Y4MUNMNGtHRFpYNFJWbmFuNVI1WExob1RhVXNSdVhDRjlyVm5BU2pPcU1vcDUtb0tWT2lEWnNjMnM5MG1ZeVRhZ3JSQ1pheW1yVE43VDZfSGpIWQ?oc=5,"Sun, 09 Aug 2026 04:23:56 GMT",2026-08-09T20:50:28.726540,en,"Melaka PRN: PH welcomes BN’s seat talks, acknowledges 21–5 reality on the ground - scoop.my",False,False,True
GoogleNews-Malay Mail,centrist,Melaka CM: Don’t turn future state election into platform for provocation - Malay Mail,,https://news.google.com/rss/articles/CBMiyAFBVV95cUxOb2trVEdNcjJXVlF5OVM4UDA4X1pnaDAwSVZDVTY1eVpGTHdlcVk3cy1ZUlJpUjc4ZUdJdDJZVm1vTHZmSnJvN2VCbmVQbWRoUEtsR0FBT1lfdEhSdzBQOGltaWxONXJJWGg0MzN2NFRaRWsxbFBHMnREbHNBdGhmUnl5WHhFS1ZsaVVRb1pMSEFKZGR5aG9vckJXRzN0U2x4XzlpYUcwVjM1cGUyVWVFaks2c0xMaDJkS0tWeVppRTJteEE1S0ctVdIBzgFBVV95cUxQZG9kdmRCeEVDY3I0cFhQY1BRRGZaMUQ4WmtUSlJlQ0hzVHlmRmZnbDQtYzdyNzhURmI0WXZ3VTByc0k5Qi1HcHJJT3hrWldzbWFoRWxTaEpndTc4cnR6ZkljbWd2RkdYUGxhUDNsTEkzTG9MdERjZ21Kd2VyeVRTS3lPb2gwMno0UHctUzZkOWV4a2JyVHc2dzRWM0VwLTlLVElOT2JrWnRoU1ptNlpEUUNOMkZmUTc0d1I2MEJfR0xfdTI2RkZHSmpxN1BTdw?oc=5,"Wed, 01 Jul 2026 07:00:00 GMT",2026-08-09T20:50:28.726540,en,Melaka CM: Don’t turn future state election into platform for provocation - Malay Mail,False,False,True
GoogleNews-The Vibes,unknown,PH Melaka looking at contesting other additional seats - The Vibes,,https://news.google.com/rss/articles/CBMiogFBVV95cUxPbDZYeEhubUgzZnNfZXAxV1dUNDNHQzAwdDdwMHhFejhnUHViblVIQ0ZQb2pLS0ZZLWJyY0RVWUUxUzJCNGQxZlRDRmZWZkJ2WFlVbTY4MG4xV181REw4dFdpeHFCT29Eb25nNHBRRVFWdlVxa0ZqSWZaVUlOR1ozNDZ4bGZ2aTEwS29OdUtYZm1RYXV3OXNfTkR0QlJyYUhjNnc?oc=5,"Sun, 09 Aug 2026 06:46:00 GMT",2026-08-09T20:50:28.726540,en,PH Melaka looking at contesting other additional seats - The Vibes,False,False,True
GoogleNews-Free Malaysia Today,independent_left,"Melaka polls likely only after Johor, Negeri Sembilan elections, says Rauf - Free Malaysia Today",,https://news.google.com/rss/articles/CBMizgFBVV95cUxOeXo5NlZiWDZnYlM4ZWdBVWRBRzA4ZzNBQ2RiWHU5S3BGdjhHWnhlUE9KNEZ5Y1JNQVVnZEJzVEhiOWd4NFQyZ0JOMXVtVzFvaGptV0d5T3kyUW9tMjhKX1RvTWpHbkhVODBrcC1PSVdEaHRhQW95cTgxWW9vOF9CcENMQWt1X3E2WkNfMGpLQnEtU3BRNVNNckUyQVJkSF9SQllaZS11NVAtQVEtb3d3bld3cElDN09lUkx2UzdDNGFFQUpPTnBSWGZ4STlWQQ?oc=5,"Sat, 06 Jun 2026 07:00:00 GMT",2026-08-09T20:50:28.726540,en,"Melaka polls likely only after Johor, Negeri Sembilan elections, says Rauf - Free Malaysia Today",True,True,True
GoogleNews-NST Online,establishment_right,"Melaka polls could be held at any time, Rauf hints [WATCH] - NST Online",,https://news.google.com/rss/articles/CBMipgFBVV95cUxNei1PR1R0Y1JwQm8xSGZiZXhyZ2xxYTBUaWJ0UVFyMmpQSHlXWm9kOHhLRDY1akFCLTczUjZRVHhWd0xfOVFoWlN4NEpfNDcwNzVtNHM1VHhPYmJ4UTZiTW96c2wtdHFrNDNJc1RCZUJ5eXFtRVhLdTY2RzQ3Sk1lSDBVOGZ5ZnVYMm1sTHV6b1hRSTlJZzY4RkxsQ2tuWmQ4Q1p4QThn0gGrAUFVX3lxTE9YQlo0MDZDQVl0VVVXWHNjZE9Vbkh6ak80MEpFVE9RVWpJb2tvcDhRY1JtLWF6LUxfVnJGQVM0RVpHenh3TURPbXdWZmxjZUJFbF9GTk9tQ2RRTTRsNHpxNm5iZEpkNlBZc1RGMFJ1SEZ2WmdhTGtNM0ZLVms2UzNWdnpNbGduR1pWckV0ZkZsd3ZRMndsRzNkdDV4TEtKNGd3RFhQcmVSYWpzYw?oc=5,"Sun, 02 Aug 2026 07:21:08 GMT",2026-08-09T20:50:28.726540,en,"Melaka polls could be held at any time, Rauf hints [WATCH] - NST Online",False,False,True
GoogleNews-NST Online,establishment_right,PH to strengthen grassroots machinery for Melaka after Negri defeat - NST Online,,https://news.google.com/rss/articles/CBMiwwFBVV95cUxQNTV0amsxTW1HcUxvd1B3TGczcVlDSXlXZC1fYUkwanY3dUlzX1h5dTRId3psalBhUWtGTjdmRHBlLXdLcDBsdGJqeFpQYXBlZktGV0RNNUdQOC1rRklTbmN5QVJGS0hJNnN6dHh2UGFGNVE0SWVlOG5WaTdyME1mSTdlMmIyWXJJbmJrMkU1eENleDhsbmpRMWFkbDV4X0RzN25oRWRwSGlkVnBBVUJjdlZwcEJDb09RZzFreGFwd3RjSkXSAbYBQVVfeXFMUGRIQmJ2aHJQX0JubWRTSnRMYWU3azNGeFpndVRlc3E3VWxzenNic3cxOVczdDJZRjJlNFk0TU05V21aQks2bktZR2tNY1MtNU1JWkpzUmphRkdlX01MZ3FsR0V5WWwwc0NIQ3dIcUdqTU01bmpCbHBubmlpUWZCRl9HNnlnMlBpSGVzXzdGbHRvSWItd1lVeEh2dFRxdXQxaWE3SUpxTUoxb2hCV0ZHNDlvMzdhWEE?oc=5,"Sat, 01 Aug 2026 14:20:07 GMT",2026-08-09T20:50:28.726540,en,PH to strengthen grassroots machinery for Melaka after Negri defeat - NST Online,False,False,True
GoogleNews-Free Malaysia Today,independent_left,"Zahid hopes Johor victory will trigger ‘blue wave’ in Negeri Sembilan, Melaka - Free Malaysia Today",,https://news.google.com/rss/articles/CBMi0AFBVV95cUxQamJqOEtocnBwdlh0SlRjUXdoX0VKbWpRZGp6dUxScnlGSmxJUWVpNk05M296SVk2ODlkTDFhNmJoT1kyYkNjVUJra1dCNUwtdEV6bHVNcUZZT0JWUHRtUjRtT0Y5anhLQ0lKeXNkX0JJQW9PcDBNal8wU0FWN1VEbnlVWldBRmNwSl9XczdOeXhZVC14ZExrMjRpWVB0RmpUdVpPUVFRT0dtUnJKWV9vMGoyUmxGM1VkdF8zMHc2VXBCdXlWeDVDWDRxZmUwRWR4?oc=5,"Sat, 11 Jul 2026 07:00:00 GMT",2026-08-09T20:50:28.726540,en,"Zahid hopes Johor victory will trigger ‘blue wave’ in Negeri Sembilan, Melaka - Free Malaysia Today",True,True,True
GoogleNews-Free Malaysia Today,independent_left,"You are no longer PN chairman, Melaka rep reminds Muhyiddin - Free Malaysia Today",,https://news.google.com/rss/articles/CBMiuwFBVV95cUxQd193a25Mb0JfYzB6YzE2N19PZm9LZFJyZTRrdHp0bEpMZUpNTXdXSjBYRHE3TWpUQzVacTZoOTloR0RVOUNfS0NIWjFoZkpZV1hGWW1nLWF4eWhuc1U4TnFRTW9JN3ZNOEdEdzd5U0RGdTl6RDlvVkhFYjZJa1dZbklXZUlvc2x1M2N3UXlaSVdLTUl5Qkc2Qk80TGpBLWJ3Z205Z1I0SzlFbkdTR3ZKZGF4YXl2WU1IbG53?oc=5,"Sun, 31 May 2026 07:00:00 GMT",2026-08-09T20:50:28.726540,en,"You are no longer PN chairman, Melaka rep reminds Muhyiddin - Free Malaysia Today",False,False,True
GoogleNews-Free Malaysia Today,independent_left,"PN dijangka tuntut kerusi sama rata dalam PRN Melaka, kata penganalisis - Free Malaysia Today",,https://news.google.com/rss/articles/CBMiYkFVX3lxTFBTc0pzWTJmc2l4bmNxN0ZMYzZHUlB2MDBvbDVaZFZHTXA0RDRobGpXeWpkOGFaeG1WQkEzWE5NMFFjYTJ3LVRYRlhDME9TUDFMSTNra0g5dVozeVAxOWRHVnNn?oc=5,"Thu, 06 Aug 2026 00:07:55 GMT",2026-08-09T20:50:28.726540,en,"PN dijangka tuntut kerusi sama rata dalam PRN Melaka, kata penganalisis - Free Malaysia Today",False,False,True
GoogleNews-Free Malaysia Today,independent_left,"Melaka PH didn’t agree to DAP’s state govt exit, says PKR - Free Malaysia Today",,https://news.google.com/rss/articles/CBMiuAFBVV95cUxQSkM4bTM0ZlZhYkFOQ1h1MDFrUU5PNnpEeldhRGhFWE5Pa3dxQU82RXRkV1pJY0o1QXM4SFpaN1VJZEduMnl1Y2lHZWRIM0tLSnFGcVBJLTRseFNJcWNaUGdYZm01Z1k1d2MwMTlpX2lxWFZfcnZBYVNIV2tjOVd3ZHRNRWVtRlpET0dvMHVQYnl3N0wyVTdvQnFqZFh2eDE3aUJDSnF4M2ItdHFjQUpnNnNMcTNyM1l3?oc=5,"Tue, 14 Jul 2026 07:00:00 GMT",2026-08-09T20:50:28.726540,en,"Melaka PH didn’t agree to DAP’s state govt exit, says PKR - Free Malaysia Today",False,False,True
GoogleNews-Free Malaysia Today,independent_left,"DAP under self-imposed pressure to quit Melaka govt, says analyst - Free Malaysia Today",,https://news.google.com/rss/articles/CBMiwwFBVV95cUxPRENxbVd5NEhjNG95UUNjYU5Ldy1BeUFtS2tDOGhxWmJQeHhyQlFHaDBKY2hVd3RZeFBQRy1JaU5oQk9CbWFNM1JUc1lSQnBSZF9yekd2MkNkSkpQWVRpUkdvbEJlMEM5OExlVGJkUzlSZEllQWFfaGhpVkRsX0c1Q3h0dkw1SkxaUl9oRGZiNGR4QzNCM0tDaGpPaHlMZDgxRlh3ZEV4ZGx1ZVM2YWpVV185bEdfVXNlZEZzeGFmZks2V1k?oc=5,"Wed, 15 Jul 2026 07:00:00 GMT",2026-08-09T20:50:28.726540,en,"DAP under self-imposed pressure to quit Melaka govt, says analyst - Free Malaysia Today",False,False,True
GoogleNews-Free Malaysia Today,independent_left,"Bersatu Melaka mula susun strategi PRN, mesyuarat esok jadi penentu hala tuju - Free Malaysia Today",,https://news.google.com/rss/articles/CBMiYkFVX3lxTE9xLWtCdlZUQy1NbkdZcF9HX3M0Rk4xRlNaYWJrd3NOc0N5cENMd1ZFZzY2aEV4V2FVQUhlaGIxZ1U0dngtZnYydlk5WWl1cWVfelNZUVZILXhlWXc5UExoR0RR?oc=5,"Tue, 04 Aug 2026 08:22:54 GMT",2026-08-09T20:50:28.726540,en,"Bersatu Melaka mula susun strategi PRN, mesyuarat esok jadi penentu hala tuju - Free Malaysia Today",False,False,True
GoogleNews-Free Malaysia Today,independent_left,Couple arrested for trying to smuggle tobacco into Melaka prison using drone - Free Malaysia Today,,https://news.google.com/rss/articles/CBMi0wFBVV95cUxNZDdpdlR2MnpCWTFpckpIT3lUWVdIcnE3NThYa3Mtd3dlZlhYS1JvZF96Q3M4X2h4OUV1a1ZlUVVuUlZIZXBNQUJ3UGNpUEk4UmxmZ1RsNW5iREdXV1ZWaW95NTR1V1ZQcGRHX21lc3huelNJelNJYWMtUHFpa00zNDBCZ3JsTmpSUHFjX21fZXJ0WGoyOEN6ZWxVY1REVlJ1U1gzMEJzc1pXcjdMeVJ5bzNibTI3aVVCZFU4bTN2eUFreGN3S0ROcUFFeVprVlBjV0Z3?oc=5,"Sat, 18 Jul 2026 07:00:00 GMT",2026-08-09T20:50:28.726540,en,Couple arrested for trying to smuggle tobacco into Melaka prison using drone - Free Malaysia Today,False,False,True
GoogleNews-Free Malaysia Today,independent_left,Bersatu man dares PAS to go solo at polls - Free Malaysia Today,,https://news.google.com/rss/articles/CBMipAFBVV95cUxPUmNxRDNSVzZMQ2pHUTFDNzdtYkdWUm4wVGRoRVN1VzJEVlVTeEhacVlWVFNBUGpsY1ItRDduVkl4LVZjVENlYWRxM1NiZmRxaFRTZDNRV0JhczVoZEEtOEIyUWFmeUpaazExaWstV2d3RTNFVHFxbFVnRk9lS1M5d1Z4cWp2Tm9uQXU1ZUdmcXd2MlQ0d2NNQ29Dcy03S1VndFhZVA?oc=5,"Mon, 01 Jun 2026 07:00:00 GMT",2026-08-09T20:50:28.726540,en,Bersatu man dares PAS to go solo at polls - Free Malaysia Today,False,False,False
GoogleNews-Free Malaysia Today,independent_left,Retired policeman found dead in Melaka home - Free Malaysia Today,,https://news.google.com/rss/articles/CBMipwFBVV95cUxOcFZNZzZmTEdHaUtmbWxsVDI1bUMyMEROOVFxbjVoZTRMLUhEbTlxZElUVG1pSnRTVjB6dkV1elRzSzFvRlVUOTctQ2E0SjUyRGQtb1BLUzZBVFNtQ2h6SmFoVUFRVG1WUHVaWFBUaHdFZmJpRHNPLWFvR3NzSnlmbkdYTGlPMC1Bc2oxdWRCT2hsOTlUNDBMcjF4Zm9Wblp5bGdVVnB1VQ?oc=5,"Tue, 19 May 2026 07:00:00 GMT",2026-08-09T20:50:28.726540,en,Retired policeman found dead in Melaka home - Free Malaysia Today,False,False,True
GoogleNews-Free Malaysia Today,independent_left,"Melaka eyes 1 new international, 2 domestic routes by year end - Free Malaysia Today",,https://news.google.com/rss/articles/CBMivwFBVV95cUxQRUlsQ01WVF9xaEFlQjFXTVBWLThMdlRnblRucEJCbjh2OWU5X0hoemx0UmRjSDFxdnpDU0ZmNTJQOUdfR1h1c2JyTDdMVnRpcllGME9KcXB4dlFWV3hrUVBGTS1JRm1FSTFSaktkUjVPLWhnYUhnWTA5VExrTW9tUGlBdlFNRXF1andBWE1XU2RhZGw2QXpoSjhxaFBiUlB1RlJjdjhfZ0pCVF92ZmxJUlJ1aUdFR3o3UHp5TS1rYw?oc=5,"Fri, 19 Jun 2026 07:00:00 GMT",2026-08-09T20:50:28.726540,en,"Melaka eyes 1 new international, 2 domestic routes by year end - Free Malaysia Today",False,False,True
GoogleNews-NST Online,establishment_right,Johor election turnout reaches 1.13mil by 1pm - NST Online,,https://news.google.com/rss/articles/CBMilwFBVV95cUxObXdWWExGeG5GOWVxNWFBcWVHUDVndGt6eV9VOHVVVUs5TGpuRlNqUGp5NzBBMndSMWw2NWYzR20tM0VJaGY1bm9hYmNkMDdqZnR6UkdSM0V1akhha1A5dDdtWHdUbWp0eDNIb2hjLVg2YkRBMnRiTlZZcEJEN1V5YzRjX2RPbkhYTU1ZN2t4RXFJeG1Vako40gGcAUFVX3lxTFBuTUFFam9nSzRiMGNsdEdiQmpfVk1nSXJyZl9KNXFKVWxhNFdvSXBSN0lxZWVtVk82dWI2VmtDSDY5RnVoSU12bFp2bUxCbEJNNm1meUtiOUZiT3Q3dWY3QkhkUGhuNjBFY1Z2SGxCVDE1OEwxbEhUelh0SXpqU3JWdk0tUGRHOVRZTnJQU1l0Vl9aZE5OdTRieVoySw?oc=5,"Fri, 10 Jul 2026 07:00:00 GMT",2026-08-09T20:50:28.726540,en,Johor election turnout reaches 1.13mil by 1pm - NST Online,True,False,False
GoogleNews-Free Malaysia Today,independent_left,Court reserves ruling on admitting new evidence in Melaka convent land dispute - Free Malaysia Today,,https://news.google.com/rss/articles/CBMi1gFBVV95cUxPVnNsYmQzZnZYdUxXMFk0MnViaDZxTkY2c1Zsa3pXWFR5R2loNW1ZTW4yTmlFWWVEWnVRVmhVZjdKdlV5UExGZ0dZVVJNeHN0VS1tYURYTlRWejVZQnZWUGF6c1lYRTVoWFU1OEFHN3E3aGkzZElMQVYtMzdjRzlFdkRXWkVySDNRelN2S250WVhFQk1GbjUtSU1HdnhrNGtXT0ZiUGNSVUFZaG92c05qdmpaUEYtWF95M1BlSGJRVVM3UGFJcDI1Q2M2V2F0bEdydmtheThn?oc=5,"Thu, 09 Jul 2026 07:00:00 GMT",2026-08-09T20:50:28.726540,en,Court reserves ruling on admitting new evidence in Melaka convent land dispute - Free Malaysia Today,False,False,True
GoogleNews-Free Malaysia Today,independent_left,Biggest winners and losers in the Johor polls - Free Malaysia Today,,https://news.google.com/rss/articles/CBMiqgFBVV95cUxOSVd6VHp3RXZZZTJ0UjFueURFVlQyTktKZVA2MVJtVEFXOGdFNEkzeDZCMHdXbGNVX25lTS1LZ1NIR0ltQThUZXlZLTJqZnNQem5xQ1NXc0VRc0o1QXBlRlNYMnk4Qm5hVTQtTkJ1elUzdElVMEdJSEpScEVZZVZTOWt2TTl3OG9BSGpNNW0yU2o5bTdmODVWeGpkRVpTcU9lanVWSjJxYk9XQQ?oc=5,"Mon, 13 Jul 2026 07:00:00 GMT",2026-08-09T20:50:28.726540,en,Biggest winners and losers in the Johor polls - Free Malaysia Today,True,False,False
GoogleNews-The Star,establishment_right,Who will win in the hottest seat? - The Star,,https://news.google.com/rss/articles/CBMingFBVV95cUxQdEpPX295OHRCV1BGNzFFNEtrN1ljcnNWa1J1Q0ZHUkNpSFowUGJEY1Z0elQ1X29nTnpWMmlhVWxPWEp2LWJlNllERkJKVHowYmgtREpXYk1FREttSnFoWjZUMFpkanNDTlJHZTRrcWgyWHRibVlFenhRNkRLN25jTG9WQ1JNTzVkWjZ2RkFTTi1nVWRONDF0ZG5KZWs5dw?oc=5,"Sat, 25 Jul 2026 07:00:00 GMT",2026-08-09T20:50:28.726540,en,Who will win in the hottest seat? - The Star,False,False,False
GoogleNews-Free Malaysia Today,independent_left,"Retorik penyatuan ummah BN-PN lenyap di Melaka kerana ‘tamak’, kata Puad - Free Malaysia Today",,https://news.google.com/rss/articles/CBMiYkFVX3lxTE85anFSTzFZQXg2bnQyb0gydzIzdWhwYjJBdEN0WV9jQWhBSmd4RTRxc3UtMHQ5bnliQjZCdzIxYnFubTV2R0diaFhxVWh6ekpDdy16SjREaFZrcWNBVFdwU1RR?oc=5,"Sat, 08 Aug 2026 12:18:53 GMT",2026-08-09T20:50:28.726540,en,"Retorik penyatuan ummah BN-PN lenyap di Melaka kerana ‘tamak’, kata Puad - Free Malaysia Today",False,False,True
GoogleNews-Free Malaysia Today,independent_left,Form 6 student dies after collapsing at Melaka school - Free Malaysia Today,,https://news.google.com/rss/articles/CBMitAFBVV95cUxQSXFldjFRcldHMFhwRTd2c2hYNkM0V0ItMnJRb3lZTGVDcl9ydVhieFdxLXlJOVd5eVlhazJLeFRfN2pvX2hpbzRGTUdNeGVaOFJfTFVVOWNHU0JGZnpzYjlKVlpBdVZYSXRXWW9HUXltcUNaY3dTMzU5eUdPR3NuMjZPWjZZalBJbEZleVM2YXRtNU9ERjJoYUlyQ1Z1X09ZNHRXWDJGUGg3NEYwaHFSRERpLVk?oc=5,"Thu, 09 Jul 2026 07:00:00 GMT",2026-08-09T20:50:28.726540,en,Form 6 student dies after collapsing at Melaka school - Free Malaysia Today,False,False,True
GoogleNews-Free Malaysia Today,independent_left,Nominated assemblymen rob voters of democratic power - Free Malaysia Today,,https://news.google.com/rss/articles/CBMitAFBVV95cUxNb24ydDh3ak91TWpjNGVHMW1nTWg3UVllWHROZFRiVF9ibmZTWnlDZndYMGJfQnFVMmNzclZzU3lDVTc5UE5KZDRSVUM3bGQydjQxcFVaN0pfeE53ZThYQmVtZ2V3UkhwS283LWpXTEx6QnlLUWZHZmNLbVlQRjU2elV6RmZkOUtqUWZiQ2tEN1lTeWpRQTNvM1VIRnZIbEs0dEVhN1I1SWdTb09BdUU0clFGdjc?oc=5,"Fri, 24 Jul 2026 07:00:00 GMT",2026-08-09T20:50:28.726540,en,Nominated assemblymen rob voters of democratic power - Free Malaysia Today,False,False,False
GoogleNews-Free Malaysia Today,independent_left,Melaka Bersatu info chief apologises over remarks against PAS Youth leader - Free Malaysia Today,,https://news.google.com/rss/articles/CBMi0AFBVV95cUxNOXF3bVZwUTZ4Z2VMTHNKZ3J2Tkd0R1VlQ0JiZWdQNGRmVUhkeEdoU2lseDVUZkVtQkJGaWlYOGRRbW1UeFp0a215YjdhNlhhb3QzOW81QjczY1FBVTRfOC1JTkVlTmgzdDJraUV6UUgwQmNYbGFHaDR5SlIyd21RNGhRdHUtTW44Q2YyMlpnMXZaMHBMMDljMm84bzFVTmpwMFBBcXZfY29BZVY3U1ZIdFp4cTFwc2VQZmhmYlF3WDRfalJnNVJqNVJ1cWM2WHhV?oc=5,"Mon, 15 Jun 2026 07:00:00 GMT",2026-08-09T20:50:28.726540,en,Melaka Bersatu info chief apologises over remarks against PAS Youth leader - Free Malaysia Today,False,False,True
GoogleNews-Free Malaysia Today,independent_left,Melaka-Pekanbaru flights to resume on June 10 - Free Malaysia Today,,https://news.google.com/rss/articles/CBMiqgFBVV95cUxOTmNEMlVwRnVEVHVTeTdXSXJQYmRlQTVaT1FYVjVweGFtdU9xaHY2TUFIWnphSzlCZzQxclFKVEliSy02VE9sMDVZZDlKcFRzYmRjdE9xdjJ5cjhYM1lGTzNDWUFSUGFEYm55alFmTFpJZl9NR3JOWW1CSlVfZVl4Mks5WUNPcHUyaV84M0JCYVNSc0F1SEdINU5rUXpJZVVoazdFNnV3TGNUQQ?oc=5,"Sun, 31 May 2026 07:00:00 GMT",2026-08-09T20:50:28.726540,en,Melaka-Pekanbaru flights to resume on June 10 - Free Malaysia Today,False,False,True
GoogleNews-Free Malaysia Today,independent_left,Baby boy thrown out of car in Melaka crash - Free Malaysia Today,,https://news.google.com/rss/articles/CBMisAFBVV95cUxORDhERU0weDBxcHhiUVY1OGJnY3NUOXN5S09vRlhHdGg2Y05PWk5VRjNTZm5ELURSMHJOOTl3bFIzczJ1WW5pOFVZOE5nVnlyb0Z6bW4xYnpMMmZfRUt5VzBCSDRXdXEyRVdxb0ZpOW9kMFJYenZnTUdWeWN6M1N4Vm8xOW54VFNCa2dsaGpzZWlLc21TN0F3VUZPQjd3UmplUXlySEF4aDNzZVJzX2g2WA?oc=5,"Tue, 02 Jun 2026 07:00:00 GMT",2026-08-09T20:50:28.726540,en,Baby boy thrown out of car in Melaka crash - Free Malaysia Today,False,False,True
GoogleNews-Free Malaysia Today,independent_left,Melaka assembly passes bill allowing for appointed reps - Free Malaysia Today,,https://news.google.com/rss/articles/CBMitwFBVV95cUxQR3hOa2hUM2s4Z1hkQTdFcF9SdXRieGdaNlU2dUVMZ19hZDd1RHpHb2NfYjRlLXp6NVNOOWZaNlRUb3VBa1Rua2Rsd0FUdUdqZ2oxZnZleXl2UHBwYlA2NVhwVjRHek4tcU93R2FPQ1E4aFBCdFFCWW5XNlk1VEhwUzZQbEliazJ0Wk9Ta1JYTENuMUVCTFcwYm5yNDJyazl5LXAxQkVSYTNnSUNmTm5FWHdNOU5CVWc?oc=5,"Tue, 14 Jul 2026 07:00:00 GMT",2026-08-09T20:50:28.726540,en,Melaka assembly passes bill allowing for appointed reps - Free Malaysia Today,False,False,True
GoogleNews-Free Malaysia Today,independent_left,"Agihan kerusi BN PN mesti ikut realiti semasa, kata pemimpin Umno Kedah - Free Malaysia Today",,https://news.google.com/rss/articles/CBMiYkFVX3lxTFBxX003U3Q1QmJiTmlsWmJXNWF3aXozMG01Y1lZTnFmVzNSaXRTWkhkVXA0RWp6blpLcE1IeDRjaEVuUmstLXpaMjlqNlI0WWJkZ3I2VERKUExPVWIyb2Vrd3hn?oc=5,"Wed, 05 Aug 2026 11:49:33 GMT",2026-08-09T20:50:28.726540,en,"Agihan kerusi BN PN mesti ikut realiti semasa, kata pemimpin Umno Kedah - Free Malaysia Today",False,False,False
GoogleNews-The Star,establishment_right,"Melaka polls: Pakatan welcomes BN's readiness for seat talks, says Fahmi - The Star",,https://news.google.com/rss/articles/CBMizAFBVV95cUxNSnI0UkZtdjVDNTVNSWRiUUQyZ21SUEp4UE8zTHpoSWx1Z3FQVEp2dmFCTWpzMEwxa19lWHNxYXFuRmlqbG9idzJCMEJ3aURJbXoyeXlzN1NKMjFxQWYwS0tPOE42cW1NQlBnckU5OHlYZDNwRTVGZmdRVXgzZXZETmtvRWlZdDRjUkhBV0owT0xZTktXSTVER1JVbEE4SmQ5SmxyVWRvM0tkR2FuWWRYVWU5WDd5dDI1TUVpNUFqRnE4NVRkNlQ5Z3dFeDM?oc=5,"Sun, 09 Aug 2026 04:04:00 GMT",2026-08-09T20:50:30.090365,en,"Melaka polls: Pakatan welcomes BN's readiness for seat talks, says Fahmi - The Star",False,False,True
GoogleNews-The Edge Malaysia,business_neutral,"BN still open to talks on Melaka state seats, says Zahid - The Edge Malaysia",,https://news.google.com/rss/articles/CBMiU0FVX3lxTFA0bU1lWDFsSEtzQ0dsVWNPOGF4c29wZ2JXTC16azBxQUtvTzJBMkZqbS1JaTI1NFF5YzlMZDdWX3hrUGlrVk91SEVleUMyejB4bF8w?oc=5,"Sat, 08 Aug 2026 11:48:59 GMT",2026-08-09T20:50:30.090365,en,"BN still open to talks on Melaka state seats, says Zahid - The Edge Malaysia",False,False,True
GoogleNews-The Vibes,unknown,AMK questions BN’s sincerity after 21-seat Melaka claim - The Vibes,,https://news.google.com/rss/articles/CBMiogFBVV95cUxOS0Q5a1RnZjQ0c0dLWE1vcnJmbVRzaUFRX2U2dU9NZmplclhWYk5fUm1adm1PWHNnMWprLTFwU2QwUEdObGs0Wk14LTBLNl9mWmtXYS1idUdrczY2R3hYZl9iQmtNY2Fsbkp4Y1ltd2dmVUE4enU2ZU1ZWU9SdWNKUDd5eUw0c3RURUNSbUFaVVZxOWNKSzVfX0xueE41ZEtpQ0E?oc=5,"Sat, 08 Aug 2026 02:17:00 GMT",2026-08-09T20:50:30.090365,en,AMK questions BN’s sincerity after 21-seat Melaka claim - The Vibes,False,False,True
GoogleNews-Malaysiakini,independent_left,"Malacca polls: Zahid signals BN open for seat talks, CM says keep it off social media - Malaysiakini",,https://news.google.com/rss/articles/CBMiUkFVX3lxTE93R0JNYlZGeEpzQ3J2QlpETTdyWXBpU2RraW1kcWJnOThwRHN1UVFqLWp6RktvWGdocURoUkhhSGs2dHNhb0hjNFpibXd6Sy02NkE?oc=5,"Sun, 09 Aug 2026 05:56:52 GMT",2026-08-09T20:50:30.090365,en,"Malacca polls: Zahid signals BN open for seat talks, CM says keep it off social media - Malaysiakini",False,False,True
GoogleNews-The Star,establishment_right,Melaka polls: Zahid leaves door open for seat swaps - The Star,,https://news.google.com/rss/articles/CBMiogFBVV95cUxQZ2Z4THVWQVMxUk42cDNOZ254N1NrU0pjTWJrc25pRlNGZWEyQ09YbG1pQklzeG5lblFEc0I4RmN6cFBxcDBhSWFBeUxyWldyeVdKNXhpT2RnNi1pQ2NIV2VjYWY5R2VSTm1nVXh1Y28yOHp5c21xeExhcmlVcV90M3FkcFdSV3pwRFRHWWNXTktKeHV3N2FzYUNaWGpUVlpoR0E?oc=5,"Sat, 08 Aug 2026 11:54:00 GMT",2026-08-09T20:50:30.090365,en,Melaka polls: Zahid leaves door open for seat swaps - The Star,False,False,True
GoogleNews-Malay Mail,centrist,"Perikatan and BN in negotiations for Melaka, Hadi says goal remains to ‘unite and save the Malays’ - Malay Mail",,https://news.google.com/rss/articles/CBMi5AFBVV95cUxPcmw2UlZEeDV0cmVHTDdmZTNVLWs5QXFBMXBqREtqUDFHd3VMeDl5ZEtqd1cyS19ETkd6ZEFrRVlCT2dlUlgxc25mWnlFSWRJNm9PSzJjUElSZ1hhWGI2WFNqbDYzbldHQndILUZVcTZOT0JjWWttVElIUzBOXzJrZGN1N0F4NGpSWjVSRWF3X00wbEhOQXBRMXBhT2JIWGVETXIzYkZWQ1ZlZXZXRlhERDczcXdtb3UwbjBEYkFCWjNyTTJfZlBwbkE5LWJmUUdpNTcwS29vV0NJYWVMQkVYTjY3ZDbSAeoBQVVfeXFMTl9SSDcxRy1neVNwb1dMdXZFSFdHZ0ZOa0VFa09DTVZYYWlreXU1X25HdnRTenlMNHk0WS02TFRGNFhfblExRDZqUVFIZEQxbWRxWUNvM1NxSHZmN2xzbnNrLVpmVnVXdGxkWmlGZmNGXzNPeXNhMWs3enZfSXlacHhyOXZPVEMyVUQ2Smh0eVZ2NWdiQnZaQlhMQ0E3TUdWS0NIR2lmNmlWVGFsY2lhbEJoaU50YnM4clhNcGtKaW9zYjBLSTVDMm05Ri0tZTkxbDJCZmN5V1otTy15TGQtdENtZzlBaFBsOVNB?oc=5,"Fri, 07 Aug 2026 06:52:00 GMT",2026-08-09T20:50:30.090365,en,"Perikatan and BN in negotiations for Melaka, Hadi says goal remains to ‘unite and save the Malays’ - Malay Mail",False,False,True
GoogleNews-NST Online,establishment_right,"Melaka PH open to political cooperation, eyes more state seats - Adly - NST Online",,https://news.google.com/rss/articles/CBMiugFBVV95cUxONjlqSTNDNzZFcFRVckE2QzlUTFVrUzhmUnN2Tmh3T1BFOENZYk1BdkZRNlRmV3ZyU09sUXliOG0xVTdaN3A1eWd0ZlZPaHY1cWo1aW1yS0VoVGR2UGJFU2poRkNESHFIV09iSUNibGdWc1pwUkRJNFE3MXpwdVRQT3I4UmlSTkdIbm8xZnFhQ2lzajlzLVBqQnIyVGxLV1FlZzZlY0xmdGJoNE1ST0lOWmJfWVdtR3EySHfSAboBQVVfeXFMTjY5akkzQzc2RXBUVXJBNkM5VExVa1M4ZlJzdk5od09QRThDWWJNQXZGUTZUZld2clNPbFF5YjhtMVU3WjdwNXlndGZWT2h2NXFqNWltcktFaFRkdlBiRVNqaEZDREhxSFdPYklDYmxnVnNacFJESTRRNzF6cHVUUE9yOFJpUk5HSG5vMWZxYUNpc2o5cy1QakJyMlRsS1dRZWc2ZWNMZnRiaDRNUk9JTlpiX1lXbUdxMkh3?oc=5,"Sun, 09 Aug 2026 07:35:47 GMT",2026-08-09T20:50:30.090365,en,"Melaka PH open to political cooperation, eyes more state seats - Adly - NST Online",False,False,True
GoogleNews-The Vibes,unknown,Pakatan Harapan eyes intra-coalition consultations ahead of Melaka polls - The Vibes,,https://news.google.com/rss/articles/CBMiwAFBVV95cUxNZkV4T0xsdlZwU1ljTXFna0JsNWNaMC0xYW1YRlRPcHd1NmRpTTMwUmY5MGU4eC1PRXpqY2ZCbnM5TmwyNjBla05LMmtsaTZ3UkNncS00MG9kT1dFYVlIcExzbERfSWwxNFc4a08tLVk5eGM5SnRWZ3lMa2ZSWUJ6ZHNVS3RydC1rMHFxaTM3RmgzRGp2SE9aM0ZtcTkzd0JUQ1NhYzV0dDh4SFZ5SHR6a2plQmJVUlJEaklJZ0VBRHY?oc=5,"Sun, 09 Aug 2026 04:24:00 GMT",2026-08-09T20:50:30.090365,en,Pakatan Harapan eyes intra-coalition consultations ahead of Melaka polls - The Vibes,False,False,True
GoogleNews-NST Online,establishment_right,"Formal PH-BN negotiations yet to begin, says PKR's Adam Adli - NST Online",,https://news.google.com/rss/articles/CBMirwFBVV95cUxPd21WcVdGUEFRbldVZGVfNXJkdE5MSVZxYmJscFpNdHk1Y1pha000N3dlNHhqcXdoVU5ublpzenBmQUtOd01FRXpxOE84TE41VVl5bGd3b0VqLTF4QTJseUdJNWJPNGlsaGNVR2JCWWhTbUhDX1hEY2VOMzAxcmk3cFVOUWN2NllwNWVfM2w5OEdsN0xxM0x0cHdfUm1VM2tuYjU4aDlyZ3NKeWN1R3Nv0gGvAUFVX3lxTE93bVZxV0ZQQVFuV1VkZV81cmR0TkxJVnFiYmxwWk10eTVjWmFrTTQ3d2U0eGpxd2hVTm5uWnN6cGZBS053TUVFenE4TzhMTjVVWXlsZ3dvRWotMXhBMmx5R0k1Yk80aWxoY1VHYkJZaFNtSENfWERjZU4zMDFyaTdwVU5RY3Y2WXA1ZV8zbDk4R2w3THEzTHRwd19SbVUza25iNThoOXJnc0p5Y3VHc28?oc=5,"Sun, 09 Aug 2026 09:04:37 GMT",2026-08-09T20:50:30.090365,en,"Formal PH-BN negotiations yet to begin, says PKR's Adam Adli - NST Online",False,False,False
GoogleNews-The Star,establishment_right,"Perikatan to contest all 28 seats in upcoming Melaka state election, says Muhyiddin - The Star",,https://news.google.com/rss/articles/CBMizAFBVV95cUxQWC1fS1pQUGhVNDJNTHZVc2g4Q3lKbnlrTnFZRkZSOTBqUjZmWWg5cjdpWFF4amtuMEhVdndoQWdRRzNfYnItUmFTSFJpa0NWRXlhQWZuQmpXdG1RTDJfd3c5OThRS2tidVoxOW55LVBra01VdHZpTkE0Z1pFUVQ0ako0YTVuSHdseVdUZmY3ZmdTdmtybThLRXJBamlac2pGeVJ4b1I1QjZzWGdSRFk4RHhHR0tIMC1kQk9jNGdNMnJjTThEN2VkMTV0VEo?oc=5,"Sun, 31 May 2026 07:00:00 GMT",2026-08-09T20:50:30.090365,en,"Perikatan to contest all 28 seats in upcoming Melaka state election, says Muhyiddin - The Star",False,False,True
GoogleNews-NST Online,establishment_right,"BN keeps door open to seat swaps ahead of Melaka polls, says Zahid - NST Online",,https://news.google.com/rss/articles/CBMitAFBVV95cUxQM2kzeHowdkRWQlMtWmwzU2h1TFFxWkVPQUJ3NlZEZ1lpX1BENnZFVTRXZUg5RDJPV09CNDFfdmF0dFk0ZHNJTVBsdHNJdU1hQ2tuYVljdEhRbUhZMXF4eExqd0tVdklFdWtpaUFkQU0xRkdiQVQzTXVLNUJocTVjRFJwR05FcFRCX0NxcEoxX09vWll0OWtCRzBfdzIwcXY3aUp3TEU4dUgycXh2NDUxZ1NxNEvSAbQBQVVfeXFMUDNpM3h6MHZEVkJTLVpsM1NodUxRcVpFT0FCdzZWRGdZaV9QRDZ2RVU0V2VIOUQyT1dPQjQxX3ZhdHRZNGRzSU1QbHRzSXVNYUNrbmFZY3RIUW1IWTFxeHhMandLVXZJRXVraWlBZEFNMUZHYkFUM011SzVCaHE1Y0RScEdORXBUQl9DcXBKMV9Pb1pZdDlrQkcwX3cyMHF2N2lKd0xFOHVIMnF4djQ1MWdTcTRL?oc=5,"Sat, 08 Aug 2026 09:18:59 GMT",2026-08-09T20:50:30.090365,en,"BN keeps door open to seat swaps ahead of Melaka polls, says Zahid - NST Online",False,False,True
GoogleNews-NST Online,establishment_right,Don't play God over sincerity: Umno rebuffs PKR Youth in Melaka seat row - NST Online,,https://news.google.com/rss/articles/CBMivwFBVV95cUxQT3Z3X0lXUnZuTTAwdU5KVzZ0QmxMaloxcXRxaG9xbmdtWnZmZW9wRmZmRXZFMGxUMndOcV80ak9DemdMek5VcDIyNUJWZnJnTjQxSGltRWtNbXJMMEVZOHBNQkFZX0tZZkxIdTlkcF85OUpsRVpxWmtJZUM1dGQ1TzJIaXR6eXJDcGRTNGNUcEc2TDlDVmZ1dDN5YkhveFBpZURjMW9HOHNIY3BRTlJYWE85Q0prVldLZ2NDVTFHZ9IBvwFBVV95cUxQT3Z3X0lXUnZuTTAwdU5KVzZ0QmxMaloxcXRxaG9xbmdtWnZmZW9wRmZmRXZFMGxUMndOcV80ak9DemdMek5VcDIyNUJWZnJnTjQxSGltRWtNbXJMMEVZOHBNQkFZX0tZZkxIdTlkcF85OUpsRVpxWmtJZUM1dGQ1TzJIaXR6eXJDcGRTNGNUcEc2TDlDVmZ1dDN5YkhveFBpZURjMW9HOHNIY3BRTlJYWE85Q0prVldLZ2NDVTFHZw?oc=5,"Sat, 08 Aug 2026 07:24:51 GMT",2026-08-09T20:50:30.090365,en,Don't play God over sincerity: Umno rebuffs PKR Youth in Melaka seat row - NST Online,False,False,True
GoogleNews-Sinar Daily,mainstream_malay,Is there room left for PN if BN defends all 21 Melaka seats? - Sinar Daily,,https://news.google.com/rss/articles/CBMiVkFVX3lxTE81YXY0Y3BjR2ZzRkxPWEt3UlF5bUNaVjNrOEVySzJGNVRLZjdpck1tN216RUVOaTdpM3d5eTVuRk5xNy1USEhfVlhtdEZyeWJtanhvU21R?oc=5,"Fri, 07 Aug 2026 02:56:00 GMT",2026-08-09T20:50:30.090365,en,Is there room left for PN if BN defends all 21 Melaka seats? - Sinar Daily,False,False,True
GoogleNews-The Vibes,unknown,Zahid signals BN flexibility on Melaka state election seat swaps - The Vibes,,https://news.google.com/rss/articles/CBMivAFBVV95cUxNTEQwT3JtdmtuSllyU01aTFFxNTBsdnd6eEZta3VYNGF4VmxLWlBuYmt5d0VUZmdtaGJvbjl2SktvdXBCWTdCSi0wd0N0VlhBM2p1ejUxcXFKUEd1RzhIa0NoOTllUkY4NkhuV0t1b2poNjZYUUdiTFdNRVZoVEJuY1BJY1o3RXBIbV8zLVE0dVhSNUgxQmNqcEJwYzRrVGZRVmE0R3o3dEk2SUdvN29hOG1DTTZqRFQ3MkxrTg?oc=5,"Sat, 08 Aug 2026 10:01:00 GMT",2026-08-09T20:50:30.090365,en,Zahid signals BN flexibility on Melaka state election seat swaps - The Vibes,False,False,True
GoogleNews-Yahoo,unknown,"Melaka seat swaps on the table for Perikatan, Samsuri tells BN - Yahoo",,https://news.google.com/rss/articles/CBMihwFBVV95cUxNSXBCUVRtZERUbDNrc2xOVFVoWmZ1RmtMRTAwSkZjM0RoWUY3cmxvbFVuSGtOdDdKTXRjMEUxOFY1MDlPMHB3WlA5T0c4T0c5UHVwVUx2dEZPLUpVbjZuOWkySTBadlpmZU5PQzc0UFhIc1ZxZ3dodXhnMjRoamRnQWZDSTR5LVk?oc=5,"Sun, 09 Aug 2026 08:52:32 GMT",2026-08-09T20:50:30.090365,en,"Melaka seat swaps on the table for Perikatan, Samsuri tells BN - Yahoo",False,False,True
GoogleNews-Free Malaysia Today,independent_left,Hamzah calls for give and take in Melaka seat talks - Free Malaysia Today,,https://news.google.com/rss/articles/CBMiYkFVX3lxTE5RckV5YTltbTNGaVlzWTFkVDdFQXNvaWNuTnlNc1JFYVNHeTZuTUNlTlJkYU9VeU0xeGdRNzVHTkpJeTZlUWc1YkltdHJ1QmI0ZHF1cUE3OG14REVtOWJVVC1n?oc=5,"Sat, 08 Aug 2026 06:24:24 GMT",2026-08-09T20:50:30.090365,en,Hamzah calls for give and take in Melaka seat talks - Free Malaysia Today,False,False,True
GoogleNews-Newswav,unknown,Is there room left for PN if BN defends all 21 Melaka seats? - Newswav,,https://news.google.com/rss/articles/CBMiogFBVV95cUxQdG1CaFkzNUNMMWZHbEdFd3hzZ21tdFNYNW5Ob05fT09zTHFxQ1VQVFFPVmpSNXF5el80Zzd6ZzVMSmlNZlhPV21BYmJKakl1aUdWV204NzgyaVYwcWx0TGtXcnlJMnZKS2ZsQ05XdWlnaWpkNHJhVkdXb211d3hqOVVnSmhiakllYy1hNjM0NFlVZGNiWXQzQmdMR3lXRUx3bHc?oc=5,"Fri, 07 Aug 2026 02:58:00 GMT",2026-08-09T20:50:30.090365,en,Is there room left for PN if BN defends all 21 Melaka seats? - Newswav,False,False,True
GoogleNews-Newswav,unknown,Ab Rauf calls for Melaka political talks to move from social media to negotiating table - Newswav,,https://news.google.com/rss/articles/CBMitwFBVV95cUxNVEdmcEQ5QnBINXl2bWhieHFkdnhqOFg0MElWdnBPbmw0dGVvQXhldHZGc0xoWkRDTDlrZmZsZWo0RmVSZDdPRkl1aHhzWU9HRzVTUkJibVJIRkFvTExaN2ZKa21RV2FTclp2bENJZTRoS2w5bFB4bnF0dm42UUtkQXhyUGlneHNhVlVVWWtHSy01TnRGWk9IZnpsX0U0a1F2c2VodkhHTDZJQ3c2U24wM2Z6OVVqemM?oc=5,"Sun, 09 Aug 2026 00:25:00 GMT",2026-08-09T20:50:30.090365,en,Ab Rauf calls for Melaka political talks to move from social media to negotiating table - Newswav,False,False,True
GoogleNews-Newswav,unknown,"Melaka Pakatan open to talks, coalition welcomes negotiations ahead state election - Newswav",,https://news.google.com/rss/articles/CBMitwFBVV95cUxOZUp5VS1UQ2hwbEJ2N2FSOWNXMUw5d01WRDE2QWo2LTVWOEUzd2NCTTI5SEZyeUx4NXQ3aE53MlRPMkRsWU9sVDAwTzFPTHl1REpXbTBteVlrR29PNS16cTdfcGNYRFZaTzJZdi1Nb2gwenlLMWxPLTJIWFZEZ0F4QVhoMUVERTRLbExhM2ZQc3RNTjBwQXF3c2luVndXQkowaXZqckhsUG1ob1RtRmU3aEtuTjNoSkk?oc=5,"Sun, 09 Aug 2026 08:10:22 GMT",2026-08-09T20:50:30.090365,en,"Melaka Pakatan open to talks, coalition welcomes negotiations ahead state election - Newswav",False,False,True
GoogleNews-Newswav,unknown,Pakatan Harapan eyes intra-coalition consultations ahead of Melaka polls - Newswav,,https://news.google.com/rss/articles/CBMitwFBVV95cUxOWmJlM1hvdldVTWdWOWJDeGlGT0hCZmd3YWdXaDIzZlBibGNHa0dyLUNXUFdiemUxWjRTc29kNmtNZWtlV2QtbXFnazBZSm5yUDRBTzVVby1jVHJka2dhUDVlQlVtZ1ZzZHZqSC11QTBaZ0FUWEtxaXlhUVZKWnVaakkyYnQ3c01rVEtrR3dVTmFXdXFiYXVPS2tBQi1DNWZqa1RiSzVaTXhYdDdITHZzZWVGRkNObGM?oc=5,"Sun, 09 Aug 2026 04:24:00 GMT",2026-08-09T20:50:30.090365,en,Pakatan Harapan eyes intra-coalition consultations ahead of Melaka polls - Newswav,False,False,True
GoogleNews-Newswav,unknown,"Perikatan and BN in negotiations for Melaka, Hadi says goal remains to ‘unite and save the Malays’ - Newswav",,https://news.google.com/rss/articles/CBMitwFBVV95cUxQV3hKYzJSZXMtY0xEODEydF9HUUV5NXNMVVhkYWdpbndhRHBxSEt1dFNXNURSV2NTOXpIV2tycE84VnFvSmllSjdMNldocDBWRmhnSUZsWEJkcENjUUZSQlNCTlJnVkR3dGhPRGZHNlJCVFo4TVVkSFc3RjhvaGE4aGRYaWlIS1prMkdoZ1lGSllDYUFIV3dtSGp5VHJsdWhDaUsxQkVlaU5zNjVsN2dPdkdLcHg5azQ?oc=5,"Fri, 07 Aug 2026 06:52:53 GMT",2026-08-09T20:50:30.090365,en,"Perikatan and BN in negotiations for Melaka, Hadi says goal remains to ‘unite and save the Malays’ - Newswav",False,False,True
GoogleNews-Free Malaysia Today,independent_left,"With Bersatu out, a PAS-Umno combo is inevitable - Free Malaysia Today",,https://news.google.com/rss/articles/CBMirgFBVV95cUxQbWpfYVZxUFpyN2FRNFJOeEJOb3ZRRlZoalpJUmo3RmF5czFGRy1ESUtRWFV2cFQ1R0EwRU9iTWtzc2drUlJ3azhVYVNvU0Z1LWJLX2tQcXFhZEIxUGVzNXFraXBvaEE1aDZSbTdfczBpdUszVEdmUy1PZ1ROTnp3VnR5SmxfWXg1ZXA0WFZsbFZUMzJ6YzJ4ZFloNEJnbkdYR1NiWG82UVVGcUpDUWc?oc=5,"Mon, 15 Jun 2026 07:00:00 GMT",2026-08-09T20:50:31.513599,en,"With Bersatu out, a PAS-Umno combo is inevitable - Free Malaysia Today",False,False,False
GoogleNews-NST Online,establishment_right,"PN Plus idea unlikely to take off without Umno, say analysts - NST Online",,https://news.google.com/rss/articles/CBMipgFBVV95cUxQbElkTXQ1X1dpRFZfZkg5dlVMZlZhYmEwU01qdWZUa3Vuc0FLanM5WG5jLWROVXA4ZWU5THBRUlhwZi1qeTUxUWV4RWtrN05DZzU4UjFoOVMtWHJQMjU3ZFVzS0lQQ3YyYlY0c0FHMy1oamRMSUQ2d1pPT3h1VWlsSzRyM1VvM2szVWUzLVh4YnJFTGFaS0VPTnlnUWV5Uml3ZFpQZ0Nn0gGrAUFVX3lxTFBYYkVUZFBfZ1ZSTVRZckFBN2RoRERJYUs0V3Q1MnlhUlZORkJHNTZ4QzhxYnpaWkpvSmJleXUzcGthS2o4Vk8xT2FnT3pkeXVjT3l0S3hzTUc1SXR0S0ZCY1p1Z21JMDlJOTRxbEg0a0RseVVNMGl4Q1p6MXlwNGFvZFQ4WVBKb19jS0hKRDJsMnJTUkt3aUVEN3VWWWNmbDh6cm9sYWdHdTgxWQ?oc=5,"Fri, 05 Jun 2026 07:00:00 GMT",2026-08-09T20:50:31.513599,en,"PN Plus idea unlikely to take off without Umno, say analysts - NST Online",False,False,False
GoogleNews-CNA,unknown,"Johor state polls: PAS’ bid to revive ties with UMNO has failed, says Bersatu chief Muhyiddin - CNA",,https://news.google.com/rss/articles/CBMixgFBVV95cUxPaFhTYmYxUEx6TERlOTF4Zjg5c0QyZDRqa19aTEs3Z0tHRk1oTzlGVTBpT0hwejhLOVhodm4xTFY2a1BtX0wxaFlRZ0xsZUxuaHNoMmRvS2hBNlhKZk1SU1ZNQ3ZBMlpmdFVzOU9GQXJ4ZGNVem5NVVlDX3dYSll1NjZ0dVJ2UVZ1M01Jc2tRRFl4NlNOUmVFZVB6eWhmMkZuTWQ1NnV1NnBON182WGd6X3FDVjJ5SWk1bm9aTjhsekd3Rzl2MEE?oc=5,"Wed, 08 Jul 2026 07:00:00 GMT",2026-08-09T20:50:31.513599,en,"Johor state polls: PAS’ bid to revive ties with UMNO has failed, says Bersatu chief Muhyiddin - CNA",True,False,False
GoogleNews-Malay Mail,centrist,‘Just don’t blame Umno’: Khaled on PAS-Bersatu split - Malay Mail,,https://news.google.com/rss/articles/CBMiqgFBVV95cUxOUXgxcXluLXhCOFRIMTJVdGp4VUN1SHhHMUZmUHhiU1M2VU1MeWlhRHBlMTJ3NzEzaUJETTdmdnZvX05HVmFxSG9mX2RmQlJPdFMtVk94VnZrUVJjY05fNkxJQ0RPSnRMT1JiSFVFa2tTR0w0eG1HTm04N1R2WFpCMzdTRmRnYklUX0ZLY1pxY3dkcXJPRzRwclFoQVdINFJLc1p2M2pZaFFQd9IBrwFBVV95cUxPR0hMZkpqdHdKbGIyXzZ3aFVEUmRWN2pDVlVDM1VtMm5pLWpUYTlkRklJam1iNjRTRGlqOXFNZmMyVnZSaU00Z1d0a0d1WWdFME91RzVuYUdEYXlRVWduMkV3aGZGYWo4R1JOSUwzZGx1NWhmUndUeThNdGlvckRxWV94dmVabW5FZ2NkZ3JqMGJpSDFjRDBzYXZZN3JtNW54TTR6azZhM1Q1ODlSX3FB?oc=5,"Tue, 09 Jun 2026 07:00:00 GMT",2026-08-09T20:50:31.513599,en,‘Just don’t blame Umno’: Khaled on PAS-Bersatu split - Malay Mail,False,False,False
GoogleNews-The Edge Malaysia,business_neutral,BN-PAS non-formal alliance adds a new twist - The Edge Malaysia,,https://news.google.com/rss/articles/CBMiUEFVX3lxTE9paGRfS21vVEM2MUpuLXhRdWN0bnE4SmdKc0Y0TWw4dHdpSDdjNE1LREhsZ1JMSkVGSUM1OTRMd1VXWHZWNmo4aUhiOElROVFi?oc=5,"Tue, 07 Jul 2026 07:00:00 GMT",2026-08-09T20:50:31.513599,en,BN-PAS non-formal alliance adds a new twist - The Edge Malaysia,False,False,False
GoogleNews-NST Online,establishment_right,"Pas–Bersatu tensions seen driven by shifting power dynamics, analysts say - NST Online",,https://news.google.com/rss/articles/CBMixwFBVV95cUxOMzRKNDRuenV5QzVNT1ZqcER4WXFicHVwb2Y4a2JHSDFrMW9HdmZKU1RVTXhVVnhCOVNDSUxES1pEcG5TcjA3c3RET1dya3c0X1hrb2N4cU5PSS1EdWYycTNsT0dzU3QwVW9FQW5zdllxTXd6M0RVMzd5WGNuek9vRlQtdFRQeEtIQXZqU2JYQjA1Q3BDRjd5NmhERlJyZUk0UHNERjdFV1dWek94dFNDM3paSElIWkhaR3Y4MjlRLXhQakRuMS1n0gHMAUFVX3lxTE9GdmxJVkY5NmV2eEFFLXNYanAyRG04bFd3dzc3V3BRbWMyLTVMTXhqZjFfck04YnA4enhZc3FXOENDcXpBMWVfMXdRd29BWjBydTZCZTBhVlpXd0sta3FFZ2s2alpjOElOanJxOUtuUGljTmk1NjJvbDgwdV9mT1dtU1YzMXYxQWd0eDhHZHZXbElrek1kb0Y1cXQxaGhsZzlGV19RbF96NDNvVDhTVEN5V28xWFhTZjZzN01Sc0JtUHQ0RVZoWmJJOFhLMg?oc=5,"Sun, 07 Jun 2026 07:00:00 GMT",2026-08-09T20:50:31.513599,en,"Pas–Bersatu tensions seen driven by shifting power dynamics, analysts say - NST Online",False,False,False
GoogleNews-The Edge Malaysia,business_neutral,Negeri Sembilan: Election War Drums Beating Amid Palace Tussle: PH faces test as BN/Umno seek to wrest power amid palace turmoil - The Edge Malaysia,,https://news.google.com/rss/articles/CBMiUEFVX3lxTE1fX3VFWkJZUHl4cXNjV3l6Q0dpb3VoTW5YbVpMWXlWTjNadzFfOTZBd2gwQnNRR1lmeGlIOFdkWFVjbXBIN2Z1T0FWT3BVaFdS?oc=5,"Wed, 17 Jun 2026 07:00:00 GMT",2026-08-09T20:50:31.513599,en,Negeri Sembilan: Election War Drums Beating Amid Palace Tussle: PH faces test as BN/Umno seek to wrest power amid palace turmoil - The Edge Malaysia,False,True,False
GoogleNews-NST Online,establishment_right,"Umno Youth hints at new pact with Pas, says unity not tied to MN name - NST Online",,https://news.google.com/rss/articles/CBMirAFBVV95cUxQeFV6VUNjWm5XOHVVMWxhSmxDTmlSeGx4UGxQTF9rSFB2bTl3ZklkNzEyQXF3enFKRER6RmdlR3BsSDNIcXJLMXE1QXZsTjhYblJwOVNOb3dnWE9qdGpSLWRRZzczaVNoRFpydDVBeVhpV09yVDVnZjV2alpaUmktbmNxUTl1aVpJZ1pNRXUzTk52UlprSnBKRUlwV2JteG5EY0FPdnd6MkY0LVFo0gGyAUFVX3lxTE93SUpZekFDQ1hfZkN2TjFUd3FRTHU4U2xsZ0pQNDJfczhVSllieERId09sRHF4LXNpeUNwWWVjMTBZVFk0amkzSTFwRkh5d0FwNmZHQURHNnhJekJOcmNNMUNEbUJpbkhpR3ZVMVRzeEoxYm91cC12Q09PdWJnMS1ySGw5WHVHSUYtbFV3cjN1NGF0WlNxcHRpZmczNzZnb0ZNS2NtTHhFLTVGRUxMM3ItQWc?oc=5,"Tue, 09 Jun 2026 07:00:00 GMT",2026-08-09T20:50:31.513599,en,"Umno Youth hints at new pact with Pas, says unity not tied to MN name - NST Online",False,False,False
GoogleNews-Free Malaysia Today,independent_left,Radzi Jidin appointed Melaka PN chairman - Free Malaysia Today,,https://news.google.com/rss/articles/CBMiowFBVV95cUxQcGtuOEhVZ2VrM2xpT3Q3VEo2RjhTSkRBbDd2d1pGZUhXY0JzeHB4N3Q1cXlKZU50Znd3T0wxeXJBSTJQQTRGbzJXN0diNVdBOWJxVjhxYlYtemJUMU83V21yRGZWUjB2MERvWWpFVjkzNFhfanhNWEdtbEhTYXVrLVlINFJKVjl5YkJHOWZrRS15WGlaRXhuU3BQMmtVZTBuZGs0?oc=5,"Thu, 14 May 2026 07:00:00 GMT",2026-08-09T20:50:31.513599,en,Radzi Jidin appointed Melaka PN chairman - Free Malaysia Today,False,False,True
GoogleNews-NST Online,establishment_right,"Johor polls can trigger Umno-Pas unity through strategic voting, says Akmal - NST Online",,https://news.google.com/rss/articles/CBMivgFBVV95cUxNZjlpaUF4T2xVM0VPeTJ3M3pnLUNWbDJwYjJZMHVMNk9xYTBITkJtTlM1ZXJUTW1RZldidGhySHBGWVNtVkhEa3hzTExCTXdPc3Q0Q09VTnludmpkbEo3U2RRRkJmdUtHUkgwMUl4bTlCUHIyejdOVjhHeEp4Z0ozdlJnT2J0X19jajF3OEtMa3hLTXBUSFZqMERlSGpjSWVYbExJcHprbW1ESU1fTmNOWEJrTGt5bDQ5U2dXa1dR0gHDAUFVX3lxTFBRSDViUHhLQ0N2X2d2Z05QV3UwUlZBZzRVbERCQll0ZFN3cGlocVJjVV83U0hMVHFleHRNYnVQNThsNFpJYVlMdTdjVmVJUEYwZ01laE9QbEJUZjVRb3dVdC10MmN5UU5yVG9aSjM0UFZQSWFpN2ZnUDBjQmYyWTBMbUVGcXlFSXdCUHk1MEVOdWVIWW1OcG5oNWxxMnhFaTdCeC1tYjdBWGV6a2FrZGlBdk9nZE5iVUs5Z2ZmOFMwazZNRQ?oc=5,"Sun, 28 Jun 2026 07:00:00 GMT",2026-08-09T20:50:31.513599,en,"Johor polls can trigger Umno-Pas unity through strategic voting, says Akmal - NST Online",True,False,False
GoogleNews-Free Malaysia Today,independent_left,"No decisions yet in PAS-Umno cooperation talks, says Tuan Ibrahim - Free Malaysia Today",,https://news.google.com/rss/articles/CBMiwwFBVV95cUxOb0xCMkUzOElsSDYydDRwVG5LeHFhcXJlQWhEWHl2VUkyS0lTTUc1ejBYS0ZMczliTnpUdU5Zc0U3azJ3a0lWTzF4azMzUU5xNTlMR2NjQnR0NnU3ZGNKNlpWUXQ4WldsanZ1VDVDSmg2emNwZHFKZ3F6Qlk3ejdycFdnUmVZYVpObFY2b1RtczhBQ3JVTU1nQXVIaU5ReFprUWRhYUxaYW1WN1cxdzVxN3htUTl0NXY5RGxFQ0dqbGNXZG8?oc=5,"Mon, 08 Jun 2026 07:00:00 GMT",2026-08-09T20:50:31.513599,en,"No decisions yet in PAS-Umno cooperation talks, says Tuan Ibrahim - Free Malaysia Today",False,False,False
GoogleNews-NST Online,establishment_right,Johor polls could push Bersatu to the brink of irrelevance [WATCH] - NST Online,,https://news.google.com/rss/articles/CBMiqAFBVV95cUxQSEVBUlI4dDRVOURTSDJRUjVWNDN6Uk9DekVtN1o1TEh5ZHlLY2FQbDhwb0ZxMUdQeXI5RE9ucDlVUTFnQnRRWTFZRUhDakN4dWN0RVE3Qmo0YTJhcmhFcndhTXZxekZxZG5BaE1aR1lHTG9wUUw3LUZaZEdFb1VqaS1OMmIwb2dDakszT1RoVXRFdmxKdGZodmp5MWNJSDBvNmI2ZzlObV_SAa4BQVVfeXFMTTc3VzB0aURybE9JTXhjNUVmbXg2dGdBOXZpSEFLeFR5Q1V4MldQRWZHcjF3WHM2cHlsSWRzSkxJMDNLYUZGcWJvT1NKUDdDRnVrZ3Q3RElSMkMyTlRGbFhKcGhaa0FOaUE0U0VnS1JJU0pxNkQ0VjdlRDQwUHRUVUc3Ykp4OUhiaEcyNVpZSHZaWkFvWHozX3NNSVBkblRBdmdTVHgySEdOM1FxOXVn?oc=5,"Mon, 29 Jun 2026 07:00:00 GMT",2026-08-09T20:50:31.513599,en,Johor polls could push Bersatu to the brink of irrelevance [WATCH] - NST Online,True,False,False
GoogleNews-Free Malaysia Today,independent_left,PAS leader suggests PN allies go separate ways at polls - Free Malaysia Today,,https://news.google.com/rss/articles/CBMitwFBVV95cUxONDZ6WG55cW5Bamw0QWI1d1lKSHJlT19ZOTBadzM0a1R2VlR5dUNUcG1mSVVwQjhDeW52dG9xRWFxUUxVRmZLaEtZSmp4VHhwNC1pSkxGeGpUZFR1RndpV0ktdEJDSlRtS0M2dEotZGxvdWFTMHdqc2NZS3lpYm1wRTAwX0Rmbnc5Z3lGWElycVNpVy0ydnctbTBzbVIwZUpPX1BILVZWaUZKdEZFWVVJaGpFZHYtMDg?oc=5,"Sun, 31 May 2026 07:00:00 GMT",2026-08-09T20:50:31.513599,en,PAS leader suggests PN allies go separate ways at polls - Free Malaysia Today,False,False,False
GoogleNews-NST Online,establishment_right,"PN no longer viable with Pas-Bersatu rift, say analysts - NST Online",,https://news.google.com/rss/articles/CBMiogFBVV95cUxNdE5PdWVxSG5HVEdRVExQRWc4aFBaSllLcnV3YkxyeWFWT3FPaFNZeTQ3YUZLOXNMdnJON1lCUXhpSkFhbTlLZlJORU5LVWtxby15WUN1bjI5VmFmM3ZDeXdycFotMnRuWHI0VktLLXdacWF0MFljZnd6RkdfaWxsNTlyRFJ1S3ctdFFVdkIzU3RSRVRFSXR1NXFhb2JneDNnNUHSAacBQVVfeXFMT2pITUN6M1l2UzdjNmNsUTd6dEo3TE9OOTFxQk1pUmNodFVrWEY3SG9DTjVTMGNlOFpETDhFRU05dUFzLW5Ibzh6MDlObEpDXzg3b28wZmZnMHN3aE9GQjNHVlJ4WU5xOHc3clQ5NkVFRzhqakM2YXY0YTFwOC0wLVpoUkh6SFRnTFYxeVBQRTVoRTFwME5PUWxKVkpreXFjeldQRGtIOEE?oc=5,"Thu, 16 Jul 2026 07:00:00 GMT",2026-08-09T20:50:31.513599,en,"PN no longer viable with Pas-Bersatu rift, say analysts - NST Online",False,False,False
GoogleNews-Free Malaysia Today,independent_left,Umno-BN brims with bravado - Free Malaysia Today,,https://news.google.com/rss/articles/CBMikgFBVV95cUxNczV4UHZtOERnN2taYTJTR2tqbzVocnMySVEwclh0N0h4NjhjZTVGMndzLUo1WmZsNVc3Q3U3a1NjRG53NzVpRmlvOXI0UjVLUDUwSlNucEhYTy02b3BXVnplVDFlZDlhaWVFUUFqQmxlMUI0Y2FWY1UwdC1PbEQ1aEJJQlloLTU4NVkta0JNNWE2dw?oc=5,"Fri, 19 Jun 2026 07:00:00 GMT",2026-08-09T20:50:31.513599,en,Umno-BN brims with bravado - Free Malaysia Today,False,False,False
GoogleNews-Free Malaysia Today,independent_left,Umno warns against ‘third parties’ disrupting alliances - Free Malaysia Today,,https://news.google.com/rss/articles/CBMitAFBVV95cUxOTExQRlFYZDlqOHhONjF2aUFuQ0lrcjlWa3Vlc3F6VDk4YnNLbDJRRHRtdzhQU1otdkk1OS0yU1FRVHppNk5fOGticmg0U2VjaG1uM09iaEZCVXJ2THBGenBLYU5KcldyY3NWSmJiY3FJdVVwbkFMTUZYQkdQcXh4Mm9TaUh1MVB3X2l0RmJGUTVwWXNqenpteEkzekxXUG8wTGQwazAtZzJ0ekNSd2Q1WGtIcGo?oc=5,"Sat, 08 Aug 2026 08:20:00 GMT",2026-08-09T20:50:31.513599,en,Umno warns against ‘third parties’ disrupting alliances - Free Malaysia Today,False,False,False
GoogleNews-Free Malaysia Today,independent_left,"PAS could serve Umno a reality check on pact with PH, says analyst - Free Malaysia Today",,https://news.google.com/rss/articles/CBMixAFBVV95cUxNdzloelRuRVlWTWJ1YTFjTlRTR0w0LVdrVFFRaGY2bml6YnZpeWx5d2UxbjNDVFlRMVhrbVZEWTZmQVptS1FwRndTWG1RaFlJVkVNNHE5eVcycFhKUEFvem1qZWJRcVNMYWpkNk9MWWZKb3hyNlJwV3hQSjU0eDdfODBxa2ZoRkJ4QUgxY3dNTFk1bGVDNTBabjhOeEZFeHNiV2k4V3VES0d6c3VSVDZTbktRTDhSTHlSbWVmcTlVV3JUNHps?oc=5,"Fri, 12 Jun 2026 07:00:00 GMT",2026-08-09T20:50:31.513599,en,"PAS could serve Umno a reality check on pact with PH, says analyst - Free Malaysia Today",False,False,False
GoogleNews-NST Online,establishment_right,Pas pitches broad coalition ahead of 16th General Election - NST Online,,https://news.google.com/rss/articles/CBMiqgFBVV95cUxPcUdYSmtPQ3pXYkxtb2RGY0tNTExsRTlXckprM25wU05tS0NTVV9RVnNpRGFZZF9DMEZhTEF2TFRya3ZiMEppSnhXVWlMMXZ4QW5oRVQxY1FoUkR3bUxRcldSMGRsS2xpT3YycXcxWERMYzFHVmRKZFBtWUVwN2VBSFVnOENnRFZwb0VSUUdDQ0dsTUxQSm9JWDZHd1ItcjAyQTVRRU5CVTQwUdIBrwFBVV95cUxNVlBVdmh6MVZBTHh1WjJLaThTcUNZS3V2d0hEdmdVTWtnYjBaTU15Tnl4c1JUSVpIUmxEQlQ2TjNJNjVNUjVUVGlfQnFyUU1mWGJxM21oQVN1SUFxQ2hITE5WZ3k0ZGd3TVZFUWpFaG1aRU5PZldrRUgzWXNWSWN1UGxaQ2huWEZwcjhzaWRMLW8zc3k4dlhpRjhoa1FCa3lITXJjT3p0V3dMcDBDLUkw?oc=5,"Sat, 18 Jul 2026 07:00:00 GMT",2026-08-09T20:50:31.513599,en,Pas pitches broad coalition ahead of 16th General Election - NST Online,False,False,False
GoogleNews-Sinar Daily,mainstream_malay,Pas-Bersatu split comes as no surprise - Zahid - Sinar Daily,,https://news.google.com/rss/articles/CBMipAFBVV95cUxORHlScFd6NUJudm1GY2Z3a3ZidUNWaGFHS0FWOVFKWDluU0RGVGQwSXJxVlM3Nm9OYTBETW1WbVhCSVBrVHB3RG5sOW4zaDlob3l2TXM3YW5ONkxXU0ZFWW5zVGlJbW9CZExPUE1CTWQxMkg1ZVBseDNmY0VSNzFxRUFIY3h1MU1ReVFON3NMWk9kTXNycGhCQmRXOXRoS2JsZVplSw?oc=5,"Tue, 09 Jun 2026 07:00:00 GMT",2026-08-09T20:50:31.513599,en,Pas-Bersatu split comes as no surprise - Zahid - Sinar Daily,False,False,False
GoogleNews-NST Online,establishment_right,Loke on alleged PN-Umno letter leak: Let Negri Sembilan voters decide - NST Online,,https://news.google.com/rss/articles/CBMiugFBVV95cUxNZE5fVU9MNzlzZ21jeEQ2M0F0NjRZUDlaT19KMXR5ZmM1ay1YaUUyelhXeWtHRU1kLXRvaDJ6X0dsa1hRNlJ0ZWVrWW91d0w2Tnd5LS1Ic210eXcyalRBWmk4YUI4TVpBZ01kS0IyeEU3dDE4VjhxWGNZN191Wk9EdU51V2pMWmtwdWFMX1VWS1NoSDFXbmR2dWZiM2FqQmd3WmtZZ2xOY1h0VVB5dWtJUkF1RlpCTmpzVGfSAb8BQVVfeXFMTVNPcDR1Q2tBMHE2MmsxNzl2ZHdGUWt3X1NaXzdSQzBLdjlpZ2Q0SXNKaE11dFJTOTN1b0ZIS0tpbFlHT2lsYVYwLWQzZXNmeGtFdTN3MjlLaENoNGc1ejFDVzRFZWEtMUd4Z2RidVZDZ2V2M0FRVl8taGQ3eEV6VnliSTV2dFpES0tZNXE4WVdSR2NmOXpFU0NQMVVkVFJHdXpmQnR3QXRPSXFmWlp2YXNLdm56UkRFNFRESkU2em8?oc=5,"Tue, 09 Jun 2026 07:00:00 GMT",2026-08-09T20:50:31.513599,en,Loke on alleged PN-Umno letter leak: Let Negri Sembilan voters decide - NST Online,False,False,False
GoogleNews-NST Online,establishment_right,Hamzah's 'Reset' a boon for Pas and slow death for Bersatu? - NST Online,,https://news.google.com/rss/articles/CBMinAFBVV95cUxQUTlFMlhRNnR0a29qb1BSZUMxdkdZWVpYTEJ2ZDNVU0g3YzhBTjRub2pNdUJ6VGxQUV9GY2EyZldXSXdXb2Z3UzA0V2ZkbWN2MWRWYUFzU2NwWFhHV2dNUmNJSWRNNzFHUEQ0YzJpVG1TX01CRnlHU1gtVUNsX3ZpN1hIaV9YWHNpWXRSRGRjLWItNFVHa2Z2eGo3T2jSAaIBQVVfeXFMT0FyNWJ0OTF4aGdRdXlWd2ZRUnBpRU93bHUzWUV4VGIwV19GRUZjQlRZYzBCYXRINnhKWU92TkNpUXhMTVE3ZWUxQWQ2ZlMyTGR1ckxWckt2bnR5ZU9xZDc5ZXFXbkJsa2JxYi1NM2JnQUhNc0llM1B6YUVHakp6cWFnWDE3X3lIN0Q0d3JHc01iTUFKREdLeE1pRzh0T2pKWk9R?oc=5,"Mon, 25 May 2026 07:00:00 GMT",2026-08-09T20:50:31.513599,en,Hamzah's 'Reset' a boon for Pas and slow death for Bersatu? - NST Online,False,False,False
GoogleNews-NST Online,establishment_right,"Formal Umno-Pas alliance unlikely, say analysts [WATCH] - NST Online",,https://news.google.com/rss/articles/CBMipgFBVV95cUxPRmhuSUV4NUZOa2ZBdmJUZzBZNERkeHBQNzVrTlpQTk96ak9Bb0prME1BRmtmeVQ4QjM5VzVhNHN6RnFqUndQUnk3elNHSllPNjc0d01IWEdCT3RiSUU0V2syTllmRV9abTFHcmtyS21pdm9JdllTeFg1Y0NuX2w4MkVlVWJ4ZzQ5WEt6c3hqalc5Y0tIazF5ZkNnMVpGMGc4aWFOZ1dB0gGrAUFVX3lxTFBXTFFDM3ZVbW84blZtbDJGMHQ2WnF2cFlnR0s0WlZ6OHp0cVhUQ1ZXVDNOd3h6RnI5WFFEMWxGYm00UUJ1VUFPbHV2QXJUTG00a1hiSXk2Z1JDSTBZa3BHY3NEYjVJcDUwdHhMemZrWHBBT1BEbWN4amxCZk1pVnhSdmdQY3hnQ1g5V1ZYUHA3d3N0TGpjcW9kclI1RTBfME00Rjg0dzE4dVFWNA?oc=5,"Mon, 13 Jul 2026 07:00:00 GMT",2026-08-09T20:50:31.513599,en,"Formal Umno-Pas alliance unlikely, say analysts [WATCH] - NST Online",False,False,False
GoogleNews-Free Malaysia Today,independent_left,"Bersatu eyes 15 seats in Melaka polls, possibly clashing with PAS - Free Malaysia Today",,https://news.google.com/rss/articles/CBMiwwFBVV95cUxNZmVMOUhUZ1hvbVB0V2xuRy14cFkyY1ZKVGV3YWFhcW80T2RhM0lXSVpFRzMtNmJHUVpXR2RUbzJ1ZGI0dmVzb1Zqc2h2aWZad25FOTFWN01HVVlSN1ZNVmp6RWNPWkVxM0tpM2o5QmlGWFZPRWJDSUctanNldzFkMmFKdEpvMU1lOE5RSzZIWHlKS2t2X0ZoQm14alUzVURWdnBZbjlIcFJCckF4MW9Oa3Z3b0Z4ZEFqN3Njd01FUThlSEk?oc=5,"Mon, 08 Jun 2026 07:00:00 GMT",2026-08-09T20:50:31.513599,en,"Bersatu eyes 15 seats in Melaka polls, possibly clashing with PAS - Free Malaysia Today",False,False,True
GoogleNews-Focus Malaysia,unknown,"“Fake statement” clouds united PN front in Johor, N9 state polls; PAS, Bersatu still at loggerheads - Focus Malaysia",,https://news.google.com/rss/articles/CBMiugFBVV95cUxNTjdhY2h6TVY2Q1Q1Z2ZLaTNZT2hKdm44QUw5T1MxbnRsVXlGcXhrT2ZHYkJCNy1BNzU1N2ZhUGZwSGdMZWlxeWU0RFloLW1pTzFsSFNnNUVBZmJqLWtoTWFoUkJUN0pEYUtKQzhfdVJJZXUwazBwUXdPUWYzUnlZNENJSFJHVmdFc0owSk5sVUpNVkRLRmdwTW01ZTIzNmc2Z21JRGQ3d1Jyb2NSRE1fbEJKZFJ5YUNPQ0E?oc=5,"Wed, 24 Jun 2026 07:00:00 GMT",2026-08-09T20:50:31.513599,en,"“Fake statement” clouds united PN front in Johor, N9 state polls; PAS, Bersatu still at loggerheads - Focus Malaysia",True,True,False
GoogleNews-NST Online,establishment_right,Bersatu's Tun Faisal calls for Pas exit from PN - NST Online,,https://news.google.com/rss/articles/CBMikgFBVV95cUxPWjE3UGsxM3VvRjFveUN1U0hua3dBblVvV3dhZlNTbUJoR0NxeEpkMmUxQ2toVkY0VmJNNWRXM1VyY0dPRXdCa0NCY2p3ZUdTbkFWeGlsZF9iUWZWYW1OSTQ5YUltSHctOGQyOG9HOXZKdzhEbHBXVjd1SmFCQVhhYm5TVlZnZkdHNVJWcEgyckFjd9IBlwFBVV95cUxPWFIwa0piV2c5WTE4QkFkQ3Z0RnRzV3BJY3VYemFtRDhvXzJodUhhMlhkd3I2d3NBUHAzdnp0VzNRUWt1SE9tN3hWOTJ3RldKUUFMRXg4Q25kaGNOQm5sRTliOV9mY1YxODhKUjBUTHgtWWFLU01LbjRNVGtnSTdtcERCYzdyLTJIWTE5SGFTQ2dVS3hyVzBr?oc=5,"Thu, 18 Jun 2026 07:00:00 GMT",2026-08-09T20:50:31.513599,en,Bersatu's Tun Faisal calls for Pas exit from PN - NST Online,False,False,False
GoogleNews-NST Online,establishment_right,Veteran Umno leader urges Bersatu members to return to Umno - NST Online,,https://news.google.com/rss/articles/CBMipwFBVV95cUxQX0FLZnZhWThTczQ0RlJxMUNwdFhxUWkzQXV2MzRRMWo5LW40a3RxUmQ3VFcwVHk5R1d2b2tmeGhraWtwT0pRM3FMRGdCcjhUbGVNbDh3d0VIOHZWYlNlS1VBYWU5YUxKMmJEeEFlaGZaLUpvZHl0NlpIM1ppeUVMbUk5TXMzcTM4Mlh0b0VIOWJQX044WU5uRldRSDQySU9UVTJLZE5YTdIBrAFBVV95cUxQLTBNNDNNb2N6RDNkTmJFNzdTeVM1UVJtYVBtSDU5bWZzR3JkTVdjSGsweDBhNHpQUVlabG5HekxDM2tPVVFOM0QyY08td0VxYXZ6UE5veHZVY2xBYjVlVC1POFpjSVh0dGdYb3BDOU5Tb2ZPaEc5a09BbDBZNEVxaGNvcnU3X1RUb1g1NEplRXoxWm5rdmluUmhFMXVXSWZOVm0zNXpjQUZqMnpM?oc=5,"Tue, 21 Jul 2026 07:00:00 GMT",2026-08-09T20:50:31.513599,en,Veteran Umno leader urges Bersatu members to return to Umno - NST Online,False,False,False
GoogleNews-The Star,establishment_right,Negri polls: Muhyiddin questions PAS support for Umno - The Star,,https://news.google.com/rss/articles/CBMipAFBVV95cUxOZXJIaVQ0cnYxVXlOZzR5QXdFdGJPa3JYNy1HdDNqSEtzbXkySU5jNjkzeEktdXZtUUNOaTJMNlpfOHJOSTkwSUNBVV9POTIxYTZFeHBORmx6cjJRNXhRNWREWE9fSmwwaGdERTcydGRpcWloS3pmeUJ0YlFsTWFGWjVEbkZVUUZzX01HZHpRRlBUZzBITjNjWERiSWpVNm1qSmE5SA?oc=5,"Wed, 22 Jul 2026 07:00:00 GMT",2026-08-09T20:50:31.513599,en,Negri polls: Muhyiddin questions PAS support for Umno - The Star,False,False,False
GoogleNews-Free Malaysia Today,independent_left,"PN’s young voters unaware of PAS-Bersatu feud, says think tank - Free Malaysia Today",,https://news.google.com/rss/articles/CBMivwFBVV95cUxQajBvVlNEaU9sNFZYR3JKcDE0Q2EwWnB0bEdBNEJEbGxtMVVzV3FlclJBdDBQd2RIM2tYQnhONS02X0o4TUpYcVVoQnpxbXJMeDdheTl5LXhhd3ZyVWRMMnAwQnZoR3ZURkRIanJpNllPS3d6aEFHelduYnI4dzZsVnRVeHI1ek5NNkJ3eWdIX25ZYkxfeUhONjB2TGVZU05MUDYxbzVxNlEyU3lsUlJ2c1kzSExjVEEtOWswMDJrMA?oc=5,"Thu, 06 Aug 2026 14:30:00 GMT",2026-08-09T20:50:31.513599,en,"PN’s young voters unaware of PAS-Bersatu feud, says think tank - Free Malaysia Today",False,False,False
GoogleNews-Free Malaysia Today,independent_left,"Adakah PAS terus jadi ‘pemberi yang pemurah’ di Melaka, soal penganalisis - Free Malaysia Today",,https://news.google.com/rss/articles/CBMiYkFVX3lxTE4zX1FlT0NNb0RQVzhMYVVDWDNzNWxCaUVxdkRkc0plaHBEY0t2Z3dSWER6VUpNRGtXZDhaWFZJd3JXT3VhVkgtY0hzdlNwbmw0cHJPellReVM2OUlOMk84bS13?oc=5,"Tue, 04 Aug 2026 06:07:08 GMT",2026-08-09T20:50:31.513599,en,"Adakah PAS terus jadi ‘pemberi yang pemurah’ di Melaka, soal penganalisis - Free Malaysia Today",False,False,True
GoogleNews-The Vibes,unknown,"Hamzah wanted to take over Bersatu, claims Muhyiddin’s former private secretary - The Vibes",,https://news.google.com/rss/articles/CBMiwAFBVV95cUxPVkh0RlNlNUhpOThMaGtkRjV6YVBpWWxBcDhsSjk5V3lQXzV5N3YzWEFhczBJbjF3Tjc2MjdnN3A3WGlTTVJWTDdPaWkydzF5Qm4wWWtYazIxTXJkMVRLRFF1bEFxT2dRbmV4OWkzRXVhem95WktDWUNHVnNydHI1OHNqamJfUlBtYm9MdVBMR0VyWElpVU03OVFCOHF5LUVRTm9qMUtQUk9kdS0zdE5KWDVwaFNBeDE1UDVpelpaWUk?oc=5,"Thu, 28 May 2026 07:00:00 GMT",2026-08-09T20:50:31.513599,en,"Hamzah wanted to take over Bersatu, claims Muhyiddin’s former private secretary - The Vibes",False,False,False
GoogleNews-NST Online,establishment_right,"Nik Nazmi claims several PH, Umno MPs keen to join Bersama [WATCH] - NST Online",,https://news.google.com/rss/articles/CBMisAFBVV95cUxPQTFiSmw4aHNmQkM0a2RUajRIV05xZkIyN091WmYtRjU4UzdjeTF1UTFFSUJOQ1RVYmY1bk5ydjBLcGRlTGJ0RkxtSFg5eGhvS19HRG51bDFUS2x0UmNqdndfRUZjbUFiWlkwZU9TLTRueUhyS2VMbHNlYXBXVWhBd1RuX3R2c0ZKUFRUdFFSX1FTTE8zX29teDlBZk1vSEEtTXVFU3ZkUlAzcF9FTFp3LdIBtgFBVV95cUxQUFYxU3pWNmxWMnpxNlp1VVdZanA4d0JRN2RITGJNZXJTVGtqM25tQm5sWDRfRFpfcTdEU3VRU0JWbDNkNWZrTzN2WmtPWkhBeTJGa2txYmc2aERXbUw4RWJScWw5c0lLWmg4VWFJTWlpYml5VjZ6ZDZBcjEtak9laFFNUGI5SlFQcU1YNy14YzRKNmlGOU4wQUJCdG5LaDRqSEM3cl9tWFFNOXNWRmVkbVRrMVgyQQ?oc=5,"Sat, 30 May 2026 07:00:00 GMT",2026-08-09T20:50:31.513599,en,"Nik Nazmi claims several PH, Umno MPs keen to join Bersama [WATCH] - NST Online",False,False,False
GoogleNews-MySinchew,unknown,"If DAP exits the government, what next? - MySinchew",,https://news.google.com/rss/articles/CBMickFVX3lxTE1VbUpIWnpfZnlwNWRyR0lYMm81VTRKUlM3U001NEliVFQwajZNam9WbFR4OFQ5MWxQdzRuZlY1NzBzeDdGQUtpbVg5VE9Tb3hHQ2EtaXNRbFAyNWE5dkF2WEFPd1Axa3BFNENJWTBUYXRpQQ?oc=5,"Sat, 08 Aug 2026 13:08:41 GMT",2026-08-09T20:50:31.513599,en,"If DAP exits the government, what next? - MySinchew",False,False,False
GoogleNews-The Malaysian Reserve,unknown,Analysts: Is Hamzah’s Wawasan a genuine reset or just a Bersatu splinter? - The Malaysian Reserve,,https://news.google.com/rss/articles/CBMitAFBVV95cUxPTFhfUmdkT2luOEV5akZhV092V2ZMMXVtckNYUVpaR2phNER5dXVQVDZOS2RkUjB2UDlCR2h3NnJuN2ZzQ2t2aHZhRDdYbU0wYjJpaVV0UTkwMkphcXhmeWJ0Si03N2sxUnNpRFVPMWZaazdTemdHRm03TjRDdXNhMFNtUnJ5Wnh3WWJhb05NZGc3VXBIcTdncDJUOHQ2aWpWZ0dCUnZyUXJFRmlpUXFrcEt0aHk?oc=5,"Mon, 22 Jun 2026 07:00:00 GMT",2026-08-09T20:50:31.513599,en,Analysts: Is Hamzah’s Wawasan a genuine reset or just a Bersatu splinter? - The Malaysian Reserve,False,False,False
GoogleNews-Sin Chew Daily,unknown,Unity Government heading down Perikatan Nasional’s path - Sin Chew Daily,,https://news.google.com/rss/articles/CBMiakFVX3lxTE5pREljdVE0LVBfNDRPZ0ZHM0ZkME9CSjA1d0s3dHpxUllDcE1YcGN6WENneURDbFBKc1VJM2J6M293eEduZ3Q2WnpUcU9RemFTbzU2SlFzbGdubXBMU0Y4aXI1OW9GVzQ1YVE?oc=5,"Sat, 23 May 2026 07:00:00 GMT",2026-08-09T20:50:31.513599,en,Unity Government heading down Perikatan Nasional’s path - Sin Chew Daily,False,False,False
GoogleNews-Free Malaysia Today,independent_left,"Police career taught me how to serve the people, says PN’s Razali - Free Malaysia Today",,https://news.google.com/rss/articles/CBMiwgFBVV95cUxPTDJmV0g5Sk0xZEdxc1BLWW5zSEVCSnl2VHhNUnUxbjZLTUpWaGhjcXEtUnpWZERpVXFyRHYzZlR0aEZVRnpMdWNFTFQxenpoTUpoN1YzTlQ3Vk5yV29faktBaTQ3OUcxRGZhM1RkamNBTXcwakozUndtNm8zS0R6dkxaTHBfNjQ0MEtWN3hESGZ4Mm1UMkdiTkQ0MDJYbDNRVDJuVFJLRExQTEN0eWtnWGlRc0FkSFlmWEZsdEJ5Qk1rZw?oc=5,"Mon, 20 Jul 2026 07:00:00 GMT",2026-08-09T20:50:31.513599,en,"Police career taught me how to serve the people, says PN’s Razali - Free Malaysia Today",False,False,False
GoogleNews-NST Online,establishment_right,"Bickering during election campaigns reflects mature politics, says Ismail Sabri - NST Online",,https://news.google.com/rss/articles/CBMitwFBVV95cUxOLU1JT1R0c0s4V0dld24zbExNOXRzYlA2UzdqQTZ2eWc1RXdneTFIZ0t6RVA2clJFaXYwbGlYTk01SHdGaUJjTy1BR1VzTW5rRjM0SVhtQ0Y3NC1SSy1qVXEtOEdsMFJwRHRQTTFDeFNoSEhRMGNhdlpNMTlDdE1uUF9xU0xoS2xGVjdHd2NUc2M0eFdPYUh2UmIta0FzWVZBMU9Yb3FVWE1rQm9KeEdXREwydExGN2PSAbwBQVVfeXFMTTVfY0RuNmFVLVJ3SmRGeGxJdEdfeThNVXNqNlp2LXQ4c1R5Z0lpU1Qtc193ZmxwZ01VLXNMcmJKZEQ3VFhhWGhHV05mQzctaXllaU5xMDNWM2JwRUJxemdmS2x4RV9RRXZzdWdBT0NuSDFOSEI4ZG1HNlV5OXk5UTVKSDBBZGFBNlRTdmlBVTNFZHdub2hORnlmR2JjTnYyT1RlRktmZkE0TVVERWRReTM4eVJqOUFIX3Blcmc?oc=5,"Thu, 09 Jul 2026 07:00:00 GMT",2026-08-09T20:50:31.513599,en,"Bickering during election campaigns reflects mature politics, says Ismail Sabri - NST Online",False,False,False
GoogleNews-Newswav,unknown,"Bersatu automatically out of PN once it forms new alliance, says Hadi - Newswav",,https://news.google.com/rss/articles/CBMirgFBVV95cUxNdXpmN3E2WFJOdG56clVWM2IzUDJrUnVxU29kM3ZUYjRKazlzVTk1dkpFUWlyeE5oakFxX1YtVGVYZ3haR3JmQmF0dGRpMkREN3MxLU5TVzI1NXIzcTc4WG1GZl9qRURGeXBOYXp1MEFuWUZ5ZHVyTkh2VzBNZE5malptVGJuSEVteU9VN0dNYU1kRnN5RHdSelAxU3lQXzk1VXotZzBmR01VUlllcHc?oc=5,"Fri, 07 Aug 2026 03:38:00 GMT",2026-08-09T20:50:31.513599,en,"Bersatu automatically out of PN once it forms new alliance, says Hadi - Newswav",False,False,False
GoogleNews-Newswav,unknown,"Negeri Sembilan Backdoor Power Plot? Did Umno Trigger the Crisis, Bersatu Retreat, and PAS Stay Silent? - Newswav",,https://news.google.com/rss/articles/CBMitwFBVV95cUxOX01QUnJoenItS1J4Ums0MjNBQUlGb0Y1M3pYeldoZEJYeTk4SUQ3Vk5YbjBxa3FWaHF2QndBdTNmaWFWLUFZbzJLSmFtQWVQREtFWEZ6Znhpd1EtQmY1QVkxczVsbHFZLWtLU0hINUFwNEJ6RnNSRlV3ejM0TTV4SU1rX3JDdWtuT2Y5VUJoa29QOF9La05uMTA5T1gzUV9iS1hnRkN2ZUtuSTFxTnQ4YmFGTHZ2OWc?oc=5,"Thu, 11 Jun 2026 07:00:00 GMT",2026-08-09T20:50:31.513599,en,"Negeri Sembilan Backdoor Power Plot? Did Umno Trigger the Crisis, Bersatu Retreat, and PAS Stay Silent? - Newswav",False,True,False
