date,klci_actual,klci_predicted,usd_myr_actual,usd_myr_predicted,klci_pct_change,usdmyr_pct_change,economic_pressure_score
2025-01-02,1632.8699951171873,1643.0968212821242,4.46999979019165,4.462489296179768,0.006263098835497301,-0.0016802000815216958,-0.10321759134844147
2025-01-03,1629.4599609375,1636.1264303012065,4.482500076293945,4.462159842565654,0.004091213974887097,-0.004537698467839833,-0.021395901363034375
2025-01-06,1625.469970703125,1628.7406308796706,4.497499942779541,4.470212614449906,0.0020121320205815805,-0.006067221495676281,0.04079525210311935
2025-01-07,1629.7900390625,1624.159180647053,4.510000228881836,4.484294938398222,-0.00345495939997643,-0.005699620660548719,0.14559952603051018
2025-01-08,1614.8299560546873,1626.620067013049,4.485000133514404,4.499287722284137,0.007301147042854638,0.0031856384268459954,-0.18915470175053478
2025-01-09,1600.81005859375,1619.7396986405072,4.5,4.506544736977375,0.011825038170603541,0.0014543859949722243,-0.2567839087845989
2025-01-10,1602.4100341796875,1604.4759547326828,4.500500202178955,4.511330408824136,0.0012892583726567145,0.0024064450969111767,-0.058072680303257844
2025-01-13,1585.5899658203127,1600.0764419630575,4.49399995803833,4.511571824499228,0.009136331873322702,0.00391007268023389,-0.235679013996313
2025-01-14,1576.4599609375,1590.4970057615717,4.507500171661377,4.509877066626757,0.0089041556220204,0.0005273199944225147,-0.18575884006734
2025-01-15,1562.1199951171875,1578.6531144580729,4.502500057220459,4.510840856179485,0.010583770384198362,0.001852481699728099,-0.23719851219337396
2025-01-16,1555.5400390625,1565.5818397740074,4.496500015258789,4.5129835167079335,0.0064555077075094044,0.003665851527456466,-0.1786081478524893
2025-01-17,1566.719970703125,1557.073495465738,4.5,4.513319471246206,-0.006157115130828244,0.002959882499156821,0.08396866937619822
2025-01-20,1572.3399658203127,1563.0102368726655,4.503499984741211,4.510472727575888,-0.005933658846342304,0.001548294184146049,0.09837071268420554
2025-01-21,1580.4599609375,1572.017852364508,4.490499973297119,4.50693181742767,-0.005341551688525142,0.0036592460145336843,0.05824325723056498
2025-01-22,1587.800048828125,1580.77259128962,4.472499847412109,4.500527415465541,-0.004425908377878887,0.006266644831670378,0.004980190056880832
2025-01-23,1577.199951171875,1588.736975194595,4.433000087738037,4.4901207581102796,0.0073148772380749435,0.012885330304919661,-0.31920997034035953
2025-01-24,1573.72998046875,1584.4352150605407,4.441500186920166,4.473670885731707,0.0068024595862385875,0.007243205551646899,-0.23343555251148235
2025-01-27,1558.9699707031252,1576.1344944514638,4.375,4.460182349584883,0.011010169580493584,0.019470251333687624,-0.4814780188530929
2025-01-28,1552.68994140625,1565.4164494004797,4.375999927520752,4.438385852734314,0.008196425863816349,0.014256381683467436,-0.3552467163821519
2025-01-31,1556.9200439453125,1555.5830495971893,4.387499809265137,4.4172227001559605,-0.0008587431020126047,0.006774448360785707,-0.07340591809600333
2025-02-03,1553.6300048828125,1554.6685511455105,4.452499866485596,4.402509676379154,0.0006684643444282136,-0.0112274433701218,0.13680482632989438
2025-02-04,1564.5600585937498,1552.0757711904987,4.469399929046631,4.410396729789952,-0.007979423566821806,-0.013201593098263034,0.3367787176874288
2025-02-05,1574.510009765625,1558.719065265446,4.441500186920166,4.431723066583189,-0.010029116615479339,-0.002201310351347095,0.23073404646157739
2025-02-06,1585.1700439453125,1572.378425924711,4.420000076293945,4.4478619964537245,-0.008069555735966643,0.0063036017372969525,0.07761249515274775
2025-02-07,1590.9100341796873,1585.629826346645,4.422500133514404,4.450050604191901,-0.0033189858128998316,0.006229614436575118,-0.016739916103829845
2025-02-10,1589.9499511718752,1592.339973078662,4.438000202178955,4.443641133712632,0.0015032057487251549,0.0012710525634737333,-0.047175234184571646
2025-02-12,1603.050048828125,1591.292473872614,4.46750020980835,4.438669689694166,-0.0073345027275387555,-0.006453389761658377,0.23354592124261622
2025-02-13,1592.280029296875,1597.7141939649152,4.4695000648498535,4.441894919372672,0.00341281971013596,-0.006176338533761514,0.014143881597037234
2025-02-14,1591.5999755859375,1594.940483060869,4.442399978637695,4.452978444136463,0.0020988360933479164,0.002381250123725076,-0.07398353048074612
2025-02-17,1582.760009765625,1592.1860167036937,4.432000160217285,4.459472536814943,0.005955423993473571,0.006198640704992793,-0.2024597882485037
2025-02-18,1584.8399658203125,1585.8188899284576,4.43149995803833,4.459799125615021,0.0006176800997306847,0.0063859117329695,-0.09783870330277486
2025-02-19,1580.8800048828125,1584.0388096034437,4.442999839782715,4.4547559510605055,0.001998130605026774,0.0026459850780380786,-0.07550449959721758
2025-02-20,1577.6700439453123,1581.585411701293,4.439000129699707,4.450944536356218,0.0024817405711713048,0.002690787634042914,-0.08580983757262502
2025-02-21,1591.0300292968748,1578.5617229907145,4.427499771118164,4.448344056507821,-0.007836625378887636,0.004707913374864587,0.09428761446589164
2025-02-24,1584.25,1587.3528574605368,4.415999889373779,4.442564184005491,0.001958565542393451,0.006015465420556999,-0.1197933355250007
2025-02-25,1568.030029296875,1588.4494745477202,4.408999919891357,4.435696784021118,0.013022355994037673,0.006055083831895091,-0.3423699840646582
2025-02-26,1588.7099609375,1574.8391109879155,4.421999931335449,4.430459793778567,-0.008730888765498294,0.001913130387716478,0.1496287520258561
2025-02-27,1586.5999755859375,1581.066895970849,4.426499843597412,4.426314297683646,-0.0034873816338268845,-4.191707225161833e-05,0.0705514206140745
2025-02-28,1574.6999511718748,1587.3691629866514,4.452499866485596,4.426199154196439,0.008045476730565942,-0.0059069540882245915,-0.08243629443347633
2025-03-03,1571.3900146484375,1578.7211145410545,4.460000038146973,4.436307319966204,0.00466535985609985,-0.005312268604960026,-0.022555241386980087
2025-03-04,1555.6600341796875,1570.7311651815542,4.460000038146973,4.451117196494451,0.00968793352707926,-0.00199166851492054,-0.1677854967751333
2025-03-05,1564.4200439453123,1559.1345944877392,4.452499866485596,4.466129703523151,-0.003378536012772978,0.003061165063731664,0.026848380477085626
2025-03-06,1558.9100341796875,1560.8020257706082,4.422500133514404,4.472292359254723,0.0012136631039881066,0.011258840980689994,-0.1749985858746643
2025-03-07,1547.27001953125,1562.2219754015603,4.425000190734863,4.465200842664629,0.00966344314927009,0.00908489269987796,-0.3154958951000162
2025-03-10,1536.4599609375,1552.9874916636543,4.412000179290772,4.45417791973621,0.010756889958961052,0.00955977759099231,-0.3437948594218808
2025-03-11,1520.1500244140625,1540.5354042360811,4.421000003814697,4.441756967558334,0.013410110511872757,0.0046950834032404715,-0.331955585569516
2025-03-12,1484.8299560546875,1524.820560902699,4.4105000495910645,4.435566765537956,0.026932784245725903,0.005683418130607652,-0.616574808905725
2025-03-13,1510.030029296875,1496.3725309236397,4.427499771118164,4.435829446948006,-0.009044521041475389,0.0018813498047314452,0.15634846369111782
2025-03-14,1512.1500244140625,1498.7145882517907,4.435500144958496,4.43678915964999,-0.008884988886918048,0.000290613155082239,0.1744304074980264
2025-03-17,1527.81005859375,1510.5252243341274,4.443999767303467,4.43947811817803,-0.011313470651929176,-0.0010174728537801342,0.24067112016642783
2025-03-19,1517.6600341796875,1525.0540721408834,4.441500186920166,4.442263598902045,0.004871998863165969,0.00017188156022757478,-0.10007911972708801
2025-03-20,1504.1600341796873,1523.8462553916543,4.427499771118164,4.446531290334107,0.013087850205183204,0.004298479999951924,-0.3201814644721031
2025-03-21,1505.4499511718752,1510.9318559730345,4.422999858856201,4.449077559086135,0.003641372997416541,0.005895930604139168,-0.1519673675436283
2025-03-24,1503.8199462890625,1505.0977387292332,4.420499801635742,4.447591381712499,0.000849697760243118,0.0061286237512626915,-0.099052764262085
2025-03-25,1513.5999755859375,1504.3259438264759,4.429999828338623,4.443315426393795,-0.006127135246465323,0.0030057784584984395,0.08275290548144384
2025-03-26,1518.050048828125,1510.6452813190008,4.434000015258789,4.4391021664284125,-0.004877815138466879,0.0011506881263115287,0.08250016378292618
2025-03-27,1535.72998046875,1517.3705861512208,4.427000045776367,4.43718858083767,-0.01195483226284701,0.0023014535703525965,0.20913653921481842
2025-03-28,1513.6500244140625,1531.5435910133747,4.428999900817871,4.433914869690867,0.011821468840684505,0.0011097243131768556,-0.25210077730503355
2025-04-02,1526.52001953125,1523.3199492431777,4.428999900817871,4.435973458945881,-0.002096317275324669,0.0015745220781608442,0.021005631219735844
2025-04-03,1518.9100341796875,1522.6861474040197,4.462500095367432,4.4377840214164905,0.002486067732360181,-0.005538615893050428,0.024210896597179024
2025-04-04,1504.1400146484375,1519.7562054034606,4.439499855041504,4.448176244516418,0.010382139031566883,0.00195436192323806,-0.23451497318956493
2025-04-07,1443.8000488281252,1509.2920233028854,4.427499771118164,4.45715699577795,0.04536083409050813,0.006698413595241413,-1.0
2025-04-08,1443.56005859375,1466.061503999732,4.487500190734863,4.467340858749353,0.015587467436513737,-0.004492330056527402,-0.2527288711586593
2025-04-09,1400.5899658203125,1439.3968154509093,4.488500118255615,4.483978596817579,0.027707502250930403,-0.0010073568717635503,-0.542602066126334
2025-04-10,1463.1300048828125,1411.7633572178092,4.493500232696533,4.504035710807813,-0.03510737083757461,0.0023446038868806546,0.6732228803885565
2025-04-11,1454.7600097656252,1438.2468933845266,4.452499866485596,4.508470663305502,-0.011351093149555994,0.01257064536738205,0.05962020799784907
2025-04-14,1480.8599853515625,1461.5919378586514,4.420000076293945,4.4971451719408435,-0.01301139046466761,0.017453641247803405,0.027608425280265483
2025-04-15,1486.4300537109373,1481.3137937787178,4.412499904632568,4.469461922987378,-0.003441978261571406,0.012909239566216578,-0.10364338938017943
2025-04-16,1476.9200439453125,1490.836361941594,4.409999847412109,4.440431109585546,0.0094225263265483,0.006900513203258863,-0.2814342661127276
2025-04-17,1483.27001953125,1484.7594735311977,4.4079999923706055,4.421443452711898,0.0010041691535155762,0.0030497868340655086,-0.060958803879259706
2025-04-18,1486.25,1482.5022250691218,4.40500020980835,4.412700921755956,-0.0025216315767052798,0.0017481751602326265,0.027218107174374753
2025-04-21,1501.1899414062498,1485.3665624899186,4.388500213623047,4.41170341554573,-0.01054055751366715,0.005287273736629833,0.14080291330910255
2025-04-22,1506.52001953125,1497.3907003129607,4.388500213623047,4.409424235609961,-0.0060598724875424335,0.0047679209224966755,0.05782589237417548
2025-04-23,1509.199951171875,1506.758064023561,4.370500087738037,4.406496175295089,-0.0016180010782652662,0.008236148457711633,-0.07772508561847984
2025-04-24,1521.5899658203125,1510.9185901190722,4.375,4.399617316054574,-0.007013305779449735,0.0056268150981882824,0.06546916672154321
2025-04-25,1515.5600585937498,1518.7965346053606,4.360499858856201,4.391687620988705,0.002135498354723019,0.0071523364618763415,-0.1385553980103038
2025-04-28,1540.219970703125,1519.239722831211,4.324999809265137,4.38377698795469,-0.01362159189660176,0.013590099718302618,0.09154828498664237
2025-04-29,1542.489990234375,1534.3980243368276,4.317500114440918,4.366683193528999,-0.005246041108064425,0.011391564049663029,-0.04713029420514892
2025-04-30,1539.5400390625002,1544.6360427511097,4.257500171661377,4.348269601314058,0.0033100819461068854,0.02131988866538576,-0.35168757685960694
2025-05-02,1536.800048828125,1545.2477214134776,4.197500228881836,4.321826045541997,0.005496923683594576,0.02961901367025763,-0.5066171935869352
2025-05-05,1549.9000244140625,1542.2457532741062,4.230000019073486,4.2848047148686135,-0.004938557983989982,0.012956192800947371,-0.07423576015401662
2025-05-06,1542.739990234375,1546.4975299250216,4.236499786376953,4.255356850654266,0.0024356273347628274,0.004451095297573343,-0.10843688326522087
2025-05-07,1546.5,1544.8610187509328,4.278500080108643,4.24072338055953,-0.0010598003550386216,-0.008829425930068848,0.1394055820309922
2025-05-08,1582.3900146484375,1543.4021774206556,4.29449987411499,4.247021343661714,-0.024638576372996095,-0.011055659994182733,0.6424102212189859
2025-05-09,1583.510009765625,1568.5044342226754,4.320000171661377,4.263202143891235,-0.009476148208984528,-0.013147691091016564,0.36609628238194447
2025-05-13,1573.0200195312498,1583.8146388147868,4.287499904632568,4.288224862086707,0.006862353402694621,0.000169086290440666,-0.1399874675935291
2025-05-14,1571.75,1579.158303943717,4.28000020980835,4.3066425311523915,0.004713411130088819,0.006224841130378091,-0.17788356254154145
2025-05-15,1556.1400146484375,1572.75361406758,4.293499946594238,4.3136233116614875,0.010676159768885456,0.004686937304660223,-0.2769771182744029
2025-05-16,1548.8699951171875,1560.0468987389902,4.28849983215332,4.316239217431615,0.007216166403273278,0.0064683190775284794,-0.23137070181778685
2025-05-19,1544.800048828125,1549.7338547743018,4.296000003814697,4.314647703049587,0.003193815244839966,0.0043407121085501784,-0.12217655790503183
2025-05-20,1527.02001953125,1544.3565740856172,4.267499923706055,4.312795600775459,0.011353194020134096,0.010614101436249813,-0.36986909917169697
2025-05-21,1535.3800048828125,1533.2023662762076,4.272500038146973,4.307246345803009,-0.001418305956622833,0.008132547067478964,-0.08034673628999671
2025-05-22,1534.300048828125,1532.5751067777746,4.228499889373779,4.299586053441658,-0.0011242534024996276,0.01681120159102242,-0.20236672912179762
2025-05-23,1526.1600341796877,1536.5084828033139,4.21649980545044,4.2832303893708,0.006780710011967031,0.015826061188026333,-0.34783573487442626
2025-05-26,1523.4799804687502,1532.2507878503275,4.239999771118164,4.264104780682814,0.0057570873880985335,0.005685144072140617,-0.19160876899609444
2025-05-27,1518.9799804687502,1525.1459467349414,4.232500076293945,4.252787773575108,0.00405928079729423,0.0047933129156436044,-0.1456018588088577
2025-05-28,1508.3499755859375,1520.1733047875277,4.237500190734863,4.247798369376341,0.00783858480655149,0.0024302485375679492,-0.18983394959637337
2025-05-29,1503.25,1511.9285262242192,4.254000186920166,4.249750740141721,0.005773175602341088,-0.0009989296172367153,-0.10250024286096428
2025-05-30,1507.9699707031248,1504.1819519396886,4.242499828338623,4.258217257283832,-0.0025119988043726996,0.003704756530623989,0.0008461594812162111
2025-06-03,1518.1199951171875,1505.787925480301,4.244500160217285,4.264159873260425,-0.008123250913334094,0.004631808764529187,0.10105835546167202
2025-06-04,1516.7900390625,1515.337025351102,4.227000236511231,4.2655198886313315,-0.0009579530943491854,0.009112763180702454,-0.10270093620040786
2025-06-05,1519.4100341796877,1519.8178241879505,4.224999904632568,4.260498200182084,0.0002683870706980672,0.008401963633323005,-0.11780283295434416
2025-06-06,1516.949951171875,1520.8709397418825,4.228000164031982,4.252350779249497,0.002584784400420345,0.005759369506337172,-0.12893483188144733
2025-06-09,1523.8399658203125,1518.788603275374,4.232999801635742,4.245860102310829,-0.0033148904466613134,0.003038105664478633,0.025879564920110978
2025-06-10,1526.6199951171875,1521.688551159994,4.23330020904541,4.242522043033375,-0.0032303022186048335,0.002178403026617509,0.03568453659631405
2025-06-11,1518.1099853515625,1526.0244925080515,4.218500137329102,4.242311369016591,0.0052133950984165,0.005644478111257056,-0.18015294565934026
2025-06-12,1519.989990234375,1522.4268291479602,4.243000030517578,4.242322167161802,0.0016031940534091843,-0.00015976039380162578,-0.030038008524553413
2025-06-13,1511.6400146484375,1519.0815994884579,4.239999771118164,4.246725827075409,0.004922855155928814,0.0015863340378131302,-0.12002484629804805
2025-06-16,1511.949951171875,1513.7010778248296,4.233500003814697,4.252923962426962,0.0011581908856158226,0.004588156039863575,-0.08463300432311653
2025-06-17,1501.43994140625,1511.7787569473148,4.248000144958496,4.256493741085848,0.006885933466896777,0.001999434048379617,-0.16495035525106824
2025-06-18,1502.739990234375,1504.7551616385936,4.257500171661377,4.261523803606892,0.0013409980550955238,0.0009450691211468767,-0.039558194627058785
2025-06-19,1516.6099853515625,1501.519058222384,4.252500057220459,4.26724814279099,-0.0099504337139652,0.0034680976771510755,0.15329949545577615
2025-06-20,1514.2900390625,1511.4483586755632,4.277500152587891,4.268975515469407,-0.0018765760281273967,-0.001992901651523335,0.06432682981677955
2025-06-23,1519.7900390624998,1515.6941365032908,4.233500003814697,4.274450064906617,-0.0026950450088063386,0.009672861947565968,-0.07533208042370164
2025-06-24,1528.1600341796875,1520.4755810593015,4.236000061035156,4.271164233392739,-0.005028565692408661,0.008301268142330785,-0.01014748469166179
2025-06-25,1532.9599609375,1527.3932910996737,4.22599983215332,4.263378109584124,-0.0036313210910100847,0.008844836468381556,-0.04546253778493237
2025-06-26,1541.530029296875,1533.4317709374445,4.209499835968018,4.2528889235476015,-0.005253389947339699,0.010307421135605333,-0.03247721572383339
2025-06-30,1550.2099609374998,1540.933359724673,4.195000171661377,4.239748131750659,-0.0059840934109446076,0.01066697455498794,-0.0226229866652002
2025-07-01,1548.989990234375,1549.6305663119635,4.226500034332275,4.225126120912066,0.000413544362214777,-0.0003250711958001482,-0.003950316723852564
2025-07-02,1550.1899414062498,1550.0795721884895,4.21999979019165,4.2209438229753005,-7.119722223212652e-05,0.00022370446222396608,-0.0015642113099723356
2025-07-03,1537.5400390624998,1549.5952578023278,4.218500137329102,4.223146975153966,0.007840588494318842,0.001101537910060812,-0.1720963118824838
2025-07-04,1530.1400146484375,1541.4294301938605,4.233500003814697,4.229992227922139,0.007378027786572762,-0.0008285758567136797,-0.13698838307603925
2025-07-07,1529.239990234375,1531.3158974258658,4.238500118255615,4.240706191675315,0.0013574763966071038,0.0005204844539694694,-0.03420806151702673
2025-07-08,1536.52001953125,1527.5434025913237,4.248000144958496,4.250907574086398,-0.005842173760069091,0.0006844230293523347,0.10809304055387375
2025-07-09,1536.0699462890625,1532.849583134037,4.259500026702881,4.2584993312812,-0.0020964951256324717,-0.0002349326013398751,0.04521929957743871
2025-07-10,1537.510009765625,1536.2277660605139,4.25,4.265313181280135,-0.0008339742160810885,0.0036031014776787794,-0.03147110924330156
2025-07-11,1525.4000244140625,1538.0361294277388,4.25,4.268077396269192,0.008283797568791917,0.004253505004515666,-0.22316398418074054
2025-07-14,1511.5,1530.3976547422644,4.239999771118164,4.269705271752443,0.012502583355781954,0.0070060146787330885,-0.34466156364386613
2025-07-15,1520.9399414062502,1516.709185699343,4.242499828338623,4.269427715346438,-0.002781671775280999,0.00634717456626519,-0.029096556843953757
2025-07-16,1525.8599853515627,1516.8403545983092,4.245500087738037,4.266325011560539,-0.0059111785090657405,0.004905175690055763,0.053005216009478495
2025-07-17,1524.5899658203125,1524.031534480986,4.239999771118164,4.262518224632771,-0.00036628296909065825,0.005310956304289728,-0.06370823133594491
2025-07-18,1519.4000244140627,1526.6847052734593,4.232999801635742,4.258814681195446,0.004794445664304748,0.006098483526913513,-0.1778192619836251
2025-07-21,1529.7900390625,1522.77582779765,4.229000091552734,4.255533146902621,-0.0045850810148747815,0.006274073013827972,0.008075344071403551
2025-07-22,1540.3199462890625,1526.9392929139176,4.224999904632568,4.250844768547921,-0.0086869311842527,0.00611712769200652,0.09249799432810082
2025-07-23,1533.760009765625,1537.8501055180784,4.212500095367432,4.244738968356444,0.0026667116931014642,0.007653144749946925,-0.1559173744161194
2025-07-24,1529.3800048828125,1538.4237178225665,4.218999862670898,4.238348229353562,0.005913319718369749,0.004586007895817979,-0.18003810321871527
2025-07-25,1523.8199462890625,1532.0068289972623,4.228499889373779,4.235210376503147,0.0053726050299690905,0.0015869663722189997,-0.1290596358960026
2025-07-28,1524.5,1524.8107775870303,4.232500076293945,4.237214093550861,0.00020385541950168303,0.0011137666088463396,-0.018993258040532854
2025-07-29,1513.25,1523.0688642712921,4.242499828338623,4.242039211683192,0.0064885936040258475,-0.00010857199153062701,-0.12877122809082886
2025-07-30,1533.3499755859375,1516.3469211956908,4.262499809265137,4.25052930844852,-0.011088828161196095,-0.0028083287629941675,0.260123872307438
2025-07-31,1526.97998046875,1525.2050089739787,4.275000095367432,4.259762273530356,-0.0011624065262639718,-0.0035644026893912844,0.07102001993039936
2025-08-01,1538.6400146484375,1528.7231376011332,4.233500003814697,4.271536438847079,-0.006445222373584373,0.008984630919595603,0.00914109854840636
2025-08-04,1541.4799804687498,1537.158932383332,4.224999904632568,4.271500187931011,-0.0028031814491056343,0.011005984461078092,-0.09099869944423704
2025-08-05,1549.1099853515625,1543.1954998445833,4.218999862670898,4.262782669005304,-0.0038179894022417836,0.010377532059621435,-0.06222329164837174
2025-08-06,1556.9799804687502,1548.9636904241559,4.227499961853027,4.249383052278745,-0.005148614718977283,0.0051763667943655065,0.034072340212733816
2025-08-07,1563.239990234375,1555.5295433151985,4.23799991607666,4.238591187620827,-0.004932350098093721,0.00013951664838966944,0.09712391037445635
2025-08-08,1567.9000244140625,1561.6804708923225,4.231500148773193,4.234961358052345,-0.003966804914148945,0.0008179626982065513,0.06866828599630981
2025-08-11,1586.5999755859375,1567.0974484914984,4.227499961853027,4.235789068938374,-0.01229202533375605,0.001960758642257449,0.22046231298575114
2025-08-12,1581.050048828125,1581.577560892423,4.204999923706055,4.236389027108558,0.0003336466576051607,0.007464709624736144,-0.10657232193657083
2025-08-13,1576.3399658203125,1585.2646228222363,4.212500095367432,4.233653570445014,0.005661632132304357,0.005021596343901683,-0.18081489381838642
2025-08-14,1584.9599609375,1579.0807621084166,4.2104997634887695,4.231513664545446,-0.003709367412414554,0.004990832974008878,0.0076695305856138
2025-08-15,1590.2399902343752,1581.4544843656765,4.21999979019165,4.2283736079919265,-0.005524641514897291,0.001984317112938964,0.08432798276645868
2025-08-18,1588.2099609374998,1588.10786371048,4.2204999923706055,4.227190219424841,-6.428446460540598e-05,0.0015851740472289156,-0.019919106617335983
2025-08-19,1592.8699951171873,1589.3459563995564,4.223499774932861,4.228455585747412,-0.0022123831376280262,0.0011733896243972717,0.028702096668021294
2025-08-20,1597.469970703125,1591.4648695832873,4.2220001220703125,4.231073474850334,-0.003759132396832836,0.0021490650207683665,0.04669051683654813
2025-08-21,1602.449951171875,1596.1703625960506,4.224999904632568,4.233224509450579,-0.003918742405172851,0.0019466520718717693,0.05260207615377023
2025-08-22,1581.5899658203123,1601.5155958803223,4.204999923706055,4.234881473814809,0.012598480320830387,0.007106195160740609,-0.3479265760099029
2025-08-25,1587.9100341796875,1589.566423216849,4.214499950408936,4.234684572942427,0.0010431252410450177,0.0047893279798312555,-0.08501531100343565
2025-08-26,1587.0699462890625,1585.2445730641991,4.23199987411499,4.233339763122942,-0.0011501529779021494,0.00031660894324380334,0.018847027594774513
2025-08-27,1575.1199951171873,1585.7287465384068,4.207499980926514,4.235352074612763,0.006735202050704851,0.0066196301396336575,-0.2237424167726312
2025-08-28,1576.6999511718752,1579.6071286477306,4.222499847412109,4.235322875546629,0.0018438368528486723,0.0030368332973128758,-0.07763733751643184
2025-08-29,1578.52001953125,1575.9662455782961,4.22629976272583,4.236120505885282,-0.0016178280423153697,0.002323721390060043,0.0013783935716569545
2025-09-02,1578.1500244140625,1577.3095793667887,4.224999904632568,4.237488454587364,-0.0005325507931895146,0.002955869878506385,-0.02886076217341293
2025-09-03,1585.5899658203127,1578.7451903549224,4.21750020980835,4.238718451475108,-0.0043168635100746915,0.005030999552154848,0.019324353650171825
2025-09-04,1586.8100585937498,1584.3242569618449,4.215000152587891,4.237031957489279,-0.0015665401277502949,0.005226999787381131,-0.03849615336262232
2025-09-08,1590.7499999999998,1587.8766070635609,4.203499794006348,4.233776426893087,-0.001806313334237878,0.007202720202320411,-0.060118682859165926
2025-09-09,1582.8499755859375,1591.1941575892267,4.212500095367432,4.2278030692581865,0.005271618998635922,0.003632753363634065,-0.15440505256642972
2025-09-10,1600.1300048828125,1586.1697204335503,4.2195000648498535,4.225009214462375,-0.008724468891066503,0.0013056403668327723,0.15762798792539867
2025-09-11,1611.699951171875,1594.291643903183,4.202499866485596,4.223953640675347,-0.010801208535145934,0.005105002943805594,0.14847283432233693
2025-09-12,1598.9300537109375,1609.428647573455,4.185999870300293,4.22027114260267,0.006566011964157813,0.008187117382762378,-0.24131945726426735
2025-09-17,1598.22998046875,1606.0450294716063,4.19350004196167,4.215031287546083,0.004889815044368153,0.0051344331391351816,-0.16683451485319464
2025-09-18,1603.3399658203125,1599.0273725952354,4.207499980926514,4.21123452746744,-0.0026897559575711316,0.0008875927647903659,0.0421067070998095
2025-09-19,1603.550048828125,1600.2533468562613,4.199999809265137,4.211322675591617,-0.0020558771921543526,0.0026959206763539686,0.0051899498515766375
2025-09-22,1599.6600341796877,1603.4298243856172,4.196000099182129,4.2124543873209035,0.0023566196100302046,0.003921422247340224,-0.0997643177718521
2025-09-23,1598.469970703125,1601.675349775687,4.204999923706055,4.213536185174874,0.0020052795055962294,0.002030026545469226,-0.06740658821518264
2025-09-24,1609.050048828125,1598.7117700786619,4.212500095367432,4.2158879771279345,-0.006425082151417562,0.0008042449101018618,0.11818862646516806
2025-09-25,1610.949951171875,1605.1918679805092,4.21750020980835,4.218426973659717,-0.003574340212852133,0.00021974245530856996,0.06879570416157774
2025-09-26,1611.8800048828125,1610.858944167892,4.212500095367432,4.221917308821688,-0.000633459508044849,0.0022355402352660717,-0.01719770857716475
2025-09-29,1620.8699951171875,1612.7671335894408,4.205999851226807,4.224429199805286,-0.004999081698196791,0.004381680749014707,0.04170398421639567
2025-09-30,1637.8000488281248,1619.101166185748,4.204999923706055,4.223485133395343,-0.01141707295451364,0.004396007140232335,0.17031923192796464
2025-10-01,1635.06005859375,1634.1080074710114,4.203000068664551,4.219049850342188,-0.0005822728759929394,0.0038186489211114037,-0.03940664729661606
2025-10-02,1638.0899658203125,1638.0843415122652,4.212500095367432,4.2150942032697145,-3.4334549168235292e-06,0.0006158119509921585,-0.008170517901234412
2025-10-03,1630.030029296875,1637.829371396503,4.212500095367432,4.214730261702016,0.0047847843042451155,0.0005294163285685952,-0.10311248802992568
2025-10-06,1627.5,1632.0020179264973,4.211999893188477,4.218273375553338,0.002766216851918448,0.0014894307986584785,-0.07544529530378097
2025-10-07,1629.6700439453125,1627.4895340302608,4.213500022888184,4.223127031640871,-0.0013380069929817744,0.002284800925689468,-0.0037167739140469146
2025-10-08,1622.25,1628.2907191405827,4.213500022888184,4.227008634289035,0.0037236672156466164,0.0032060309309294775,-0.11762872881543027
2025-10-09,1615.18994140625,1624.5333622759642,4.21750020980835,4.22997768348165,0.005784719573958884,0.002958499834637165,-0.1556814475613884
2025-10-10,1611.4599609375,1617.0777510463229,4.224500179290772,4.232772529943858,0.0034861493583462095,0.001958184472008889,-0.09616591853062878
2025-10-13,1611.550048828125,1611.6619007427796,4.228000164031982,4.236077754045056,6.940641696852257e-05,0.001910498982897408,-0.026955012650926292
2025-10-14,1612.2900390625,1610.922797413368,4.229499816894531,4.239179245794247,-0.0008480122161686213,0.0022885516772106125,-0.013600988934273354
2025-10-15,1607.1800537109375,1612.30111762703,4.224999904632568,4.241494456275774,0.003186366023065087,0.003904035980005551,-0.11618442557718679
2025-10-16,1616.8299560546877,1609.6458532855247,4.223499774932861,4.24249471711488,-0.004443326116181895,0.004497441267727014,0.029001306258826208
2025-10-17,1602.68994140625,1614.5554673289078,4.226500034332275,4.240629723177591,0.007403506826932832,0.003343118119138451,-0.19331607134630618
2025-10-21,1608.0,1608.0026588587568,4.227499961853027,4.240508739877157,1.6535191273826185e-06,0.0030771799270289286,-0.041205164845253765
2025-10-22,1613.27001953125,1606.4581027998427,4.226500034332275,4.240472378775934,-0.00422242814218205,0.003305890058005354,0.04051064673844789
2025-10-23,1618.3800048828125,1611.703691202303,4.221499919891357,4.2397785428535,-0.004125306578409562,0.004329888264598898,0.024860582526063657
2025-10-24,1613.56005859375,1618.2121325371988,4.206299781799316,4.237528561983865,0.00288311173710089,0.007424287807463383,-0.15719839599763416
2025-10-27,1611.5400390625,1617.0630156819823,4.196499824523926,4.232777818831309,0.0034271420415314187,0.00864482207180809,-0.1844473772222674
2025-10-28,1614.199951171875,1613.4555086153848,4.1875,4.2257060253839995,-0.0004611836073652061,0.009123826957373023,-0.11281896402229134
2025-10-29,1609.1500244140625,1614.0816408181852,4.197500228881836,4.216507327885438,0.0030647337596246944,0.0045281948700846755,-0.12209441321906746
2025-10-30,1622.4200439453125,1611.0538857912177,4.185500144958496,4.211062858995604,-0.0070056815412950744,0.006107445502755085,0.058885423490023556
2025-10-31,1623.5,1618.837701092183,4.197000026702881,4.204874970863486,-0.0028717578736169405,0.0018763269264955049,0.03253038253088853
2025-11-03,1621.550048828125,1624.0745932140487,4.199999809265137,4.202653638134208,0.0015568710862474931,0.0006318640451405046,-0.03970008007382589
2025-11-04,1618.9399414062502,1623.006842947172,4.189000129699707,4.204553450580548,0.0025120768454134587,0.003712895774475823,-0.10009425476446816
2025-11-05,1619.1300048828125,1620.2029768849532,4.179999828338623,4.2064340908098785,0.000662684280388169,0.006323986496851602,-0.09791337630122104
2025-11-06,1627.3800048828125,1619.6046647279434,4.173500061035156,4.205383585539991,-0.0047778270173775604,0.007639516961436605,-0.0063256429778196085
2025-11-07,1634.8299560546873,1625.7420244969178,4.15749979019165,4.19997294349281,-0.005558946069046386,0.010216032578368842,-0.025122048400364173
2025-11-10,1631.6099853515625,1634.5778079259032,4.135000228881836,4.18935384915828,0.0018189534269743195,0.013144768384001351,-0.21237984651914404
2025-11-11,1632.27001953125,1635.4606011879148,4.132999897003174,4.174631790198745,0.0019546898604319465,0.010073044818065115,-0.174005056826516
2025-11-12,1625.6700439453125,1633.6202508071144,4.126500129699707,4.1606251634520675,0.004890418502458031,0.008269728021272052,-0.20879617042870763
2025-11-13,1627.4300537109375,1628.244419498529,4.130000114440918,4.150072510766137,0.0005003998701722933,0.004860144253999846,-0.07507050077695665
2025-11-14,1614.06005859375,1626.7533697216056,4.145999908447266,4.14422729846676,0.007864212400444796,-0.0004275470380243827,-0.1521116210991886
2025-11-17,1623.8900146484377,1617.4325270861298,4.161300182342529,4.147214748580296,-0.003976554756823212,-0.0033848636591998467,0.12509683884835798
2025-11-18,1619.9599609375,1619.285156937214,4.1479997634887695,4.1557380110773465,-0.0004165559745658834,0.0018655371335095177,-0.016600330977214334
2025-11-19,1617.5699462890625,1621.3318829398993,4.15399980545044,4.163149946098827,0.0023256717024615907,0.002202730158143102,-0.07614748784756913
2025-11-20,1618.780029296875,1619.252304321635,4.164999961853027,4.168797706600046,0.00029174749886497724,0.0009118234770232012,-0.018055268647209875
2025-11-21,1611.739990234375,1618.3065838069886,4.13700008392334,4.173586022890532,0.004074226371747877,0.008843591545808266,-0.2000936337787244
2025-11-24,1624.5,1615.0045738568294,4.128499984741211,4.171838927069331,-0.005845137668926169,0.010497503327673258,-0.023144294672845244
2025-11-25,1617.4599609375,1622.0290347675543,4.136000156402588,4.16275735639077,0.0028248450906976576,0.006469342112272855,-0.14325204410340378
2025-11-26,1604.469970703125,1621.0240909716374,4.127999782562256,4.154527737332387,0.01031750083877102,0.0064263459707997374,-0.29305185282521884
2025-11-27,1624.5699462890625,1609.4525220845314,4.130000114440918,4.149022115681404,-0.009305492963884483,0.004605811310748959,0.12513339695512676
2025-11-28,1630.5999755859373,1617.8099295597056,4.128499984741211,4.143898616148732,-0.007843766845167384,0.0037298368570749603,0.10751738637840969
2025-12-01,1622.8399658203125,1629.9471190304755,4.130000114440918,4.14003541442149,0.004379454142029639,0.002429854649515104,-0.12040508737827627
2025-12-02,1621.0699462890627,1627.3805889594803,4.119999885559082,4.1397210561736415,0.003892887339540052,0.004786692029697306,-0.14217381195449066
2025-12-03,1616.52001953125,1622.3272044623807,4.114500045776367,4.139561177513414,0.0035923990182408104,0.006090929993492867,-0.15359352443137372
2025-12-04,1612.7800292968752,1618.000281479384,4.108500003814697,4.1384356361528205,0.0032368035861559535,0.007286268056548213,-0.1624501993617534
2025-12-05,1614.1700439453125,1614.2722343012135,4.111999988555908,4.1354778258460385,6.330829659758693e-05,0.005709590796564054,-0.07766362429309348
2025-12-08,1611.0,1613.8147938377222,4.11299991607666,4.132014045306477,0.0017472339154079228,0.0046229345046896655,-0.0969202284205146
2025-12-09,1625.3900146484375,1612.2274005447687,4.115499973297119,4.129530692278081,-0.008098126594259795,0.003409238020167256,0.11691184196064162
2025-12-10,1637.8100585937498,1621.3523755640779,4.107999801635742,4.126874348555987,-0.010048590765038244,0.004594583211208756,0.14019735001570038
2025-12-11,1643.7199707031252,1635.8632067709912,4.094799995422363,4.122591561757659,-0.004779867661261807,0.006787038772678585,0.0051212795855016206
2025-12-12,1648.31005859375,1645.1323951101583,4.0929999351501465,4.116061658903732,-0.0019278311547177593,0.005634430520150813,-0.03669649573550268
2025-12-15,1641.4399414062498,1649.230839424759,4.084000110626221,4.109598638439024,0.004746380188503716,0.006268003702105322,-0.17912274604180078
2025-12-16,1646.9000244140625,1644.8021377503608,4.085999965667725,4.104382693561121,-0.0012738397186241584,0.0044989544904198405,-0.034629469128591966
2025-12-17,1665.9000244140625,1645.2881229496923,4.081999778747559,4.100720469557004,-0.012372832200191579,0.004586156742808341,0.18695684022359133
2025-12-18,1671.2900390625,1660.6739368703054,4.07450008392334,4.096009172690017,-0.00635204060580032,0.005278951607227958,0.05685213222143209
2025-12-19,1676.6400146484375,1672.0210934054046,4.075300216674805,4.09070474913247,-0.0027548675939249897,0.00377997488249709,0.004714049891158281
2025-12-22,1678.31005859375,1677.0103830936785,4.061500072479248,4.0865449289673705,-0.0007743953469244756,0.006166405525344344,-0.06696327208545168
2025-12-23,1677.0999755859377,1679.0850499238293,4.042500019073486,4.081802449701456,0.0011836350645691295,0.00972230808720633,-0.15383746669779355
2025-12-24,1680.989990234375,1678.8705819297245,4.046000003814697,4.074375749869176,-0.0012608095925395746,0.007013283743876809,-0.06853214251766242
2025-12-26,1684.5300292968748,1680.4952967602292,4.057499885559082,4.067002379652024,-0.0023951680685263353,0.0023419579447831996,0.016735346117861923
2025-12-29,1680.1099853515625,1683.4590374994875,4.045000076293945,4.06339590933645,0.001993352921609018,0.004547795474792334,-0.10085441089862167
2025-12-30,1669.760009765625,1682.0105431326954,4.052499771118164,4.061405304322207,0.007336703056381087,0.002197540705001908,-0.17664777246581387
2025-12-31,1680.3199462890625,1672.75939152365,4.051499843597412,4.063134219592797,-0.004499473318822243,0.002871621978159714,0.05188126029236983
2026-01-02,1672.3499755859375,1676.626337627982,4.069499969482422,4.0644515933086325,0.0025570975600045153,-0.0012405396760407075,-0.03472194681774589
2026-01-05,1676.8299560546877,1674.6438272157973,4.043499946594238,4.0696582826334975,-0.001303727209188262,0.006469231206814253,-0.06039149906916168
2026-01-06,1669.5699462890625,1676.6936532814723,4.090000152587891,4.070065967707819,0.004266791582014025,-0.00487388365192561,-0.020421602459534248
2026-01-07,1686.5400390625002,1671.1725618785129,4.054999828338623,4.077201558360002,-0.009111836557719508,0.005475149435573601,0.10961522814548019
2026-01-08,1695.43994140625,1682.3175701503494,4.091000080108643,4.077990263701082,-0.007739803065519673,-0.0031801066127612977,0.19788436654447125
2026-01-09,1708.1999511718748,1694.0632256915776,4.060500144958496,4.081467156274115,-0.008275802531547298,0.005163652399237533,0.09700406637060999
2026-01-12,1710.9100341796877,1707.3823443725848,4.056000232696533,4.079605908632104,-0.0020618791968183606,0.005819939492428688,-0.03648826506001009
2026-01-13,1715.1600341796875,1712.8507347047196,4.046500205993652,4.074925573793735,-0.001346404667172881,0.007024679686900503,-0.06696675325150303
2026-01-14,1712.7399902343752,1715.654963111963,4.052000045776367,4.068045612701667,0.0017019354334039643,0.00395991281935569,-0.0871400212042961
2026-01-15,1712.3299560546875,1713.8347430103165,4.054999828338623,4.063475352833365,0.0008787949719084142,0.002090141764127808,-0.04560274968127572
2026-01-16,1699.06005859375,1712.031673906509,4.052499771118164,4.062335267032282,0.007634583160936139,0.0024270194866423843,-0.18569650102122184
2026-01-19,1705.81005859375,1702.3153920673356,4.052000045776367,4.064617752522707,-0.0020486844410422876,0.0031139453612524957,-0.0005474830511527705
2026-01-20,1717.1400146484375,1703.1139602413675,4.044000148773193,4.066578166804419,-0.008168264840034977,0.005583090306778298,0.0892338355714833
2026-01-21,1719.989990234375,1714.791736481289,4.037499904632568,4.064684524726772,-0.003022258142547459,0.006733032999706675,-0.029430768706312206
2026-01-22,1744.0699462890625,1721.660590334155,4.002999782562256,4.059637603876979,-0.012848886022369119,0.014148844464455657,0.06856445754127494
2026-01-23,1771.25,1740.887060214525,3.963000059127808,4.044869707892872,-0.01714209726773463,0.020658503039003694,0.06762999112707388
2026-01-26,1756.489990234375,1769.4803905485167,3.9489998817443843,4.018432102119192,0.007395658606860774,0.017582229033680678,-0.38367467993305754
2026-01-27,1730.8900146484377,1765.1990425175243,3.9165000915527344,3.9920704139174608,0.019821610604215705,0.01929537101957932,-0.655980824938931
2026-01-28,1740.8800048828125,1738.9198488144973,3.9249999523162846,3.968669400836547,-0.0011259570233544893,0.011125974280456054,-0.12626546800001415
2026-01-29,1748.260009765625,1735.7066133954065,3.9625000953674316,3.9511956879956505,-0.0071805087916536,-0.002852847217593051,0.1822808605592003
2026-01-30,1742.8199462890625,1744.4577691308293,3.9300000667572026,3.9469742743287815,0.0009397544739226734,0.0043191367132939884,-0.07664964038568375
2026-02-03,1731.0200195312498,1745.7459862149988,3.929500102996826,3.946694844775138,0.008507103625373841,0.004375808964910957,-0.22928206146826807
2026-02-04,1732.8299560546873,1735.2050876205683,3.945800065994263,3.9486840173823627,0.0013706662662323354,0.0007308914136208028,-0.0372879758425414
2026-02-05,1751.3000488281248,1731.4796171181295,3.944999933242798,3.9526866033309607,-0.011317553336024903,0.001948458863938271,0.2010695551577073
2026-02-06,1747.5400390625,1746.6896937017298,3.9249999523162846,3.9542596066069113,-0.0004865956383044691,0.007454689081807385,-0.08997626158150389
2026-02-09,1756.3900146484375,1751.7751658638006,3.920000076293945,3.9512209203961963,-0.002627462434965306,0.0079645008914817,-0.05383095112232672
2026-02-10,1750.8499755859373,1756.2653454107347,3.9124999046325675,3.9441117741812666,0.003092994774143958,0.008079711263703621,-0.1701800974181165
2026-02-11,1739.5400390625,1753.7844092867015,3.900000095367432,3.935907718078895,0.00818858428339383,0.009207082521386393,-0.2875308448843314
2026-02-12,1741.260009765625,1743.5446596684121,3.9049999713897705,3.9278413934205507,0.0013120670606193035,0.005849275850993428,-0.10459474858574752
2026-02-13,1752.1099853515625,1740.4413758340595,3.9024999141693124,3.921728431193984,-0.006659747170587401,0.0049272306079639035,0.06773364807210876
2026-02-16,1752.8299560546873,1749.634310675792,3.9063000679016113,3.91639833449527,-0.0018231348499361088,0.002585123113464107,0.0020013357295407762
2026-02-19,1757.97998046875,1754.2654424373611,3.9005000591278085,3.9136510880201176,-0.0021129580954604697,0.0033716263794262903,-0.0027052467650649464
2026-02-20,1754.010009765625,1758.0318176670405,3.8884999752044687,3.911691665404803,0.002292921864199006,0.005964173935507076,-0.12581748614540933
2026-02-23,1747.81005859375,1756.5449147276229,3.891299962997437,3.9089767031801306,0.004997600334730169,0.004542631087498419,-0.1610795503689171
2026-02-24,1740.93994140625,1750.1154646081266,3.8884999752044687,3.907079865732982,0.005270442123618003,0.004778163982767291,-0.1697067710143577
2026-02-25,1716.6099853515625,1742.7739920612873,3.881999969482422,3.905775493865463,0.015241672210339872,0.0061245555306408276,-0.3878404318574121
2026-02-26,1700.2099609375,1723.375408294152,3.888799905776977,3.9056711485234676,0.013625050957752642,0.004338418832356892,-0.331497276020135
2026-02-27,1711.949951171875,1703.6895654434918,3.9240000247955322,3.907435102673418,-0.004825132722325641,-0.004221437822997254,0.15332068919132066
2026-03-02,1698.219970703125,1706.4072336503739,3.94350004196167,3.9135130260206243,0.004821085070539512,-0.007604162703680035,0.004984436299139987
2026-03-03,1713.199951171875,1702.0615089866476,3.938499927520752,3.926176054984524,-0.0065015424367765185,-0.0031290777613358443,0.1723501364752195
2026-03-04,1718.0600585937498,1710.0651066754142,3.947499990463257,3.9372485612327925,-0.004653476389457261,-0.002596942179919104,0.12814021575523854
2026-03-05,1674.1700439453125,1718.7512013486119,3.94350004196167,3.9462282106427726,0.026628810833480437,0.0006918140362807234,-0.5436876179837224
2026-03-06,1701.6800537109375,1689.0314611142892,3.960500001907349,3.956283487538031,-0.007433002795716448,-0.001064641930889434,0.16342254368445697
2026-03-09,1708.7800292968748,1691.9586855271625,3.9214999675750732,3.9631431745615378,-0.009844066223452921,0.010619203705416655,0.05548453615209361
2026-03-10,1711.0100097656248,1708.9457021122287,3.913500070571899,3.9591815774906824,-0.001206484849073951,0.01167280084196033,-0.13196571865618756
2026-03-11,1698.8499755859375,1715.1759027286605,3.9240000247955322,3.9481421267889805,0.009609987566496066,0.006152421468118164,-0.27518725019555057
2026-03-12,1696.56005859375,1704.1898431410225,3.936000108718872,3.939166333859433,0.004497208636160333,0.0008044270968253757,-0.1010205234160473
2026-03-13,1710.989990234375,1696.386622250953,3.9279999732971187,3.9362572253912593,-0.008535039986658019,0.0021021517694180605,0.1431690689151594
2026-03-16,1729.81005859375,1706.8944266664546,3.9224998950958256,3.935011912766939,-0.013247484493138329,0.00318980701229767,0.22319366547131453
2026-03-17,1720.7099609375,1727.133610630495,3.9330000877380367,3.9325172106675557,0.0037331391337417467,-0.00012277575888860884,-0.07328013794865287
2026-03-18,1708.7600097656248,1725.9061467288118,3.9224998950958256,3.933584904821658,0.010034256926189887,0.0028260063791694114,-0.23919550392414748
2026-03-19,1716.6800537109375,1712.7549145759474,3.953999996185303,3.9360598837782566,-0.0022864709859622082,-0.00453720597479886,0.1065955069830187
2026-03-24,1710.8900146484373,1712.5129083599602,3.9619998931884775,3.9430471652115107,0.0009485669433031327,-0.004783626574435443,0.044966433440349944
2026-03-25,1712.6500244140625,1711.7461460269913,3.9914999008178715,3.9537174956432186,-0.0005277659616304171,-0.009465716175243092,0.13724125141056118
2026-03-26,1687.9000244140625,1711.1896243295048,4.017499923706055,3.969487966354692,0.013797973563942002,-0.011950705230399336,-0.11702293751239601
2026-03-27,1690.3599853515627,1693.214975988594,4.03000020980835,3.9927693183570345,0.001688983803315419,-0.009238434122336096,0.08971084418822137
2026-03-30,1708.9000244140623,1687.0834137400159,4.046500205993652,4.016562921146004,-0.012766464019173234,-0.007398315414220191,0.35520645615054997
2026-03-31,1698.300048828125,1702.6452065609917,4.024499893188477,4.035811386282063,0.0025585335970902145,0.0028106580677841092,-0.08895488743959415
2026-04-01,1695.5,1704.2775708975748,4.035999774932861,4.045628883612352,0.005176980771203086,0.002385805058586954,-0.1358218056225855
2026-04-02,1680.8299560546875,1697.7939300665964,4.028500080108643,4.049897897266277,0.01009261760881955,0.005311608969127107,-0.2736235900436561
2026-04-03,1676.8599853515625,1685.1719632132442,4.025000095367432,4.0504849637733,0.0049568705403504965,0.006331644174418874,-0.1841987120827128
2026-04-06,1696.31005859375,1677.8634238031007,4.028500080108643,4.048221760685038,-0.01087456547062021,0.004895539328340765,0.15274765974236196
2026-04-07,1686.2399902343748,1691.0630491470508,3.9765000343322754,4.0431274602185,0.0028602446511814083,0.01675529367810314,-0.28158623310153896
2026-04-08,1691.3100585937498,1693.3803663621218,3.9804999828338623,4.029791199956193,0.0012240852928488903,0.012383172298681628,-0.19025105730848285
2026-04-09,1680.52001953125,1692.8090690397364,3.977499961853027,4.014242972702803,0.007312646898377454,0.009237714947119302,-0.27036093040304093
2026-04-10,1688.1199951171875,1684.8019284218387,3.973000049591065,4.001825436264738,-0.001965539597271594,0.0072553199883902235,-0.05762683854663042
2026-04-13,1683.4200439453125,1686.5037824820608,3.9425001144409175,3.9921522814877908,0.001831829523379799,0.01259408132037921,-0.20527019569415852
2026-04-14,1689.7099609375,1686.9623502411848,3.952500104904175,3.9811201030063335,-0.0016260842155364486,0.007240986044920679,-0.06424780923086068
2026-04-15,1695.2099609375,1689.54458192992,3.951499938964844,3.972026632331009,-0.0033419925189956223,0.005194658657021777,-0.0024307023477051167
2026-04-16,1702.3000488281248,1694.8295048978468,3.950000047683716,3.9653288073005233,-0.004388500097512599,0.0038806985903193252,0.03615284555629942
2026-04-17,1715.3299560546875,1701.882671586645,3.944999933242798,3.9607611918759464,-0.007839473927786816,0.003995249404273831,0.10388006843955956
2026-04-20,1710.3900146484375,1713.6194698050456,3.952500104904175,3.956529200434176,0.0018881396225128699,0.001019378981167411,-0.05153339165754907
2026-04-21,1721.6999511718748,1713.4587899168398,3.9549999237060556,3.956004719095319,-0.004786641975232457,0.00025405699333662623,0.09266707302526933
2026-04-22,1720.3399658203125,1718.969131750731,3.960999965667724,3.9572720687506835,-0.0007968390532203609,-0.0009411504542672333,0.028584675109086306
2026-04-23,1717.27001953125,1721.0972243417561,3.9625000953674316,3.96116722417294,0.0022286563947298333,-0.0003363712712713956,-0.0402278138608795
2026-04-24,1729.5999755859375,1718.3903862250588,3.9507999420166016,3.966550650486781,-0.006481030017985056,0.003986713754516244,0.07673075993987445
2026-04-27,1720.4200439453125,1726.5880800654265,3.950000047683716,3.967915293634207,0.003585191966241765,0.004535505249169935,-0.13263764607737577
2026-04-28,1722.0200195312502,1724.2708433714722,3.950299978256225,3.9675926714997165,0.0013070834338120402,0.0043775645745072886,-0.0848035611082442
2026-04-29,1739.7700195312502,1722.001919347487,3.967499971389771,3.965970525644537,-0.010212901696369315,-0.0003854935743574618,0.2101273289816716
2026-04-30,1747.4300537109375,1734.6052053017845,3.950500011444092,3.96543634801202,-0.007339262811645849,0.003780872427454652,0.09670931514114463
2026-05-04,1756.8699951171875,1747.5063388664419,3.9600000381469727,3.963099651425225,-0.005329737702146286,0.0007827306182812029,0.09649328721094175
2026-05-05,1758.8499755859375,1756.2285069998832,3.9224998950958256,3.9618457443587975,-0.0014904446783080669,0.010030809513128286,-0.10429726335703769
2026-05-06,1748.06005859375,1760.6258054388015,3.9075000286102295,3.955437706286546,0.007188395377650935,0.012268119597011592,-0.30841338058512946
2026-05-07,1745.31005859375,1752.7450427134315,3.9165000915527344,3.9456879728267187,0.004259978955070095,0.00745254196136441,-0.1852096934578218
2026-05-08,1750.56005859375,1745.5407378887464,3.920000076293945,3.937325690841448,-0.002867265638995361,0.004419799543443673,-0.0015908699266790993
2026-05-11,1746.31005859375,1748.2955263303882,3.93149995803833,3.931592536844932,0.0011369502952053045,2.3547960724876366e-05,-0.023133277487336897
2026-05-12,1745.5799560546875,1747.418007201515,3.9279999732971187,3.9315039479801333,0.0010529744801731822,0.0008920505872797545,-0.03306828196827984
2026-05-13,1740.219970703125,1745.9739414961366,3.928999900817871,3.9342292676093966,0.0033064617633865837,0.0013309663842030043,-0.08416761102586776
2026-05-14,1727.7099609375,1741.9598833117486,3.9470999240875253,3.9383493109334613,0.00824786723259745,-0.002216972795814622,-0.13586932841657653
2026-05-15,1727.27001953125,1730.6737617830438,3.9732000827789298,3.946329580985577,0.0019705907086359988,-0.006762936986188496,0.050937489978534145
2026-05-18,1717.68994140625,1725.6275034047646,3.975500106811523,3.9590278691991476,0.004621067986237529,-0.00414343784927895,-0.03730501254069385
2026-05-19,1708.3599853515627,1719.695311440926,3.966700077056885,3.973066008900219,0.006635209315693796,0.001604843249973419,-0.15463886900097037
2026-05-20,1712.6700439453125,1711.4887602777305,3.9591000080108643,3.9832786301971344,-0.0006897321943348506,0.0061071006383640065,-0.06786894703258614
2026-05-21,1708.5000000000002,1712.375861419481,3.965399980545044,3.9857695860012403,0.002268575604027375,0.005136835011886133,-0.11425925509115571
2026-05-22,1699.02001953125,1711.156006763318,3.9500999450683594,3.984373319714266,0.007142933627948756,0.008676584168128786,-0.25944703765854765
2026-05-25,1684.9300537109375,1703.5784060420044,3.9651000499725346,3.9792454127753847,0.011067730847340078,0.0035674668040086505,-0.2698575535173923
2026-05-26,1683.0699462890625,1689.2740309780927,3.9758999347686763,3.977033886524922,0.0036861716310182765,0.0002852063117407452,-0.07779622479168276
2026-05-28,1683.0699462890625,1682.7091443404495,3.967999935150146,3.9788676980632833,-0.0002143713334128119,0.002738851585370821,-0.03234286096882714
2026-05-29,1683.0699462890625,1683.503847500884,3.962300062179565,3.981037464139917,0.0002578034340035088,0.00472892049221656,-0.06844592709418125
2026-06-01,1672.7399902343752,1684.9418338619578,3.967499971389771,3.9813642733103056,0.007294524970299115,0.0034944680581001143,-0.19315387037801784
2026-06-02,1683.260009765625,1677.307264450639,3.9941000938415523,3.982157165687284,-0.0035364383876825335,-0.0029901424284992473,0.11098256916025724
2026-06-03,1693.4300537109373,1679.8422705044793,4.01140022277832,3.9863929034243317,-0.008023823113734202,-0.006234062413415425,0.24444579929240737
2026-06-04,1679.5200195312502,1690.5936915583004,4.046299934387207,3.994753091891653,0.006593355183786861,-0.01273925396817139,0.038121942381542165
2026-06-05,1675.5,1683.6871538228586,4.059800148010254,4.013143545223997,0.004886394403377255,-0.011492339791436232,0.05569663981438161
2026-06-08,1678.9599609375,1675.196967026386,4.059599876403809,4.036790822126832,-0.0022412648298134057,-0.005618547386788695,0.1201563408643914
2026-06-09,1679.530029296875,1676.7966397896232,4.066699981689453,4.05738079152772,-0.0016274728403612426,-0.0022915853649625706,0.06332373368997961
2026-06-10,1683.6300048828125,1679.770526189575,4.06440019607544,4.072238818968799,-0.0022923556137894097,0.001928605086902517,0.020202503439318304
2026-06-11,1691.3900146484375,1683.5446717070079,4.045899868011475,4.07925430780179,-0.00463839970289781,0.008244010202533462,-0.0172118867915274
2026-06-12,1709.989990234375,1691.1508171641615,4.047699928283691,4.0759872077643,-0.011017124765526482,0.0069884823435028085,0.1276056674740565
2026-06-15,1711.3900146484375,1707.0870331773983,4.077499866485596,4.066619486237627,-0.002514319608159637,-0.002668394997973664,0.08616407945353977
2026-06-16,1712.030029296875,1712.4099218518093,4.114999771118164,4.0637089453624355,0.0002218959646930253,-0.012464356891517231,0.1623169302155738
2026-06-18,1700.8399658203125,1710.6699007823115,4.135300159454346,4.074787621979397,0.0057794590670134285,-0.014633166914523023,0.07979669611133398
2026-06-19,1679.9200439453127,1701.4989079448567,4.146599769592285,4.098661109005903,0.012845173243403734,-0.011560956747724865,-0.1031153022309958
2026-06-22,1682.1300048828125,1683.1165006694062,4.137800216674805,4.129097664618058,0.0005864563284229483,-0.0021031832377204577,0.016370139597087354
2026-06-23,1663.8199462890623,1679.1586462244156,4.135200023651123,4.151991054688864,0.009218966252667165,0.004060512415773153,-0.23935030828888876
2026-06-24,1667.739990234375,1668.792840798065,4.116399765014648,4.164840186379934,0.0006313037822773021,0.011767666925107981,-0.1701188069853575
2026-06-25,1665.9100341796875,1667.2781178128569,4.0854997634887695,4.162485970353458,0.0008212229983013591,0.01884376730423481,-0.26860706258104283
2026-06-26,1664.06005859375,1668.8774684916277,4.06850004196167,4.1454709583137515,0.002894973575622493,0.018918745375007838,-0.3112297308552461
2026-06-29,1656.8299560546877,1667.9168515704075,4.082200050354004,4.120968424236082,0.006691631494954596,0.009496931410482044,-0.2613656178846981
2026-06-30,1661.8299560546875,1660.4758951839901,4.087500095367432,4.102022307165953,-0.0008148010966850135,0.003552834607876844,-0.031183347841303968
2026-07-01,1679.050048828125,1660.4585428833595,4.0777997970581055,4.0918408682679654,-0.011072633575003437,0.003443295872443221,0.17615351282945396
2026-07-02,1683.530029296875,1675.3258410735286,4.06879997253418,4.086003589299764,-0.004873205752541781,0.004228179532470287,0.04123150816147638
2026-07-03,1682.9300537109375,1685.4802383082058,4.082699775695801,4.082532756910268,0.0015153241762157763,-4.0908907024403165e-05,-0.029864695879125984
2026-07-06,1683.6099853515625,1684.9926024259837,4.080100059509277,4.084163276837245,0.0008212217119468404,0.0009958621770800988,-0.029806057506654347
2026-07-07,1677.6400146484373,1683.7354664928278,4.074299812316895,4.087826051767138,0.003633349104198514,0.003319893005750749,-0.1173395237135787
2026-07-08,1691.489990234375,1679.654575781649,4.0746002197265625,4.091106374023255,-0.006997034875202524,0.004050987435964978,0.08622683684805804
2026-07-09,1698.43994140625,1687.7276229334964,4.070499897003174,4.091083235140658,-0.006307151764156106,0.0050567101482151015,0.058924769248960465
2026-07-10,1719.93994140625,1697.8798058374666,4.0680999755859375,4.0878967906367905,-0.01282610807371952,0.0048663541136305475,0.19230495679473636
2026-07-13,1713.760009765625,1716.0977084716721,4.074399948120117,4.081380550742111,0.001364075887362347,0.0017132836027092524,-0.05029989694606289
2026-07-14,1722.18994140625,1717.4971252178873,4.065100193023682,4.0781879358695505,-0.0027249120875313003,0.0032195375819590887,0.011611378676386633
2026-07-15,1731.449951171875,1720.6020194745722,4.070099830627441,4.075739842090826,-0.006265229722615267,0.0013857182128417466,0.10720045908578382
2026-07-16,1722.2900390624998,1729.1745793733423,4.093299865722656,4.074959290451233,0.003997317614743945,-0.004480633198903368,-0.02027495344896767
2026-07-17,1720.3699951171875,1724.513453495834,4.089900016784668,4.081800686738973,0.002408469335321258,-0.001980324705361061,-0.0218408699516641
2026-07-20,1711.3699951171875,1719.6460325175574,4.086699962615967,4.091240689727471,0.004835913580337826,0.0011110987234299644,-0.11192141581104438
2026-07-21,1714.5899658203125,1712.9101592887816,4.087500095367432,4.099944215138464,-0.0009797132638223428,0.003044432900475303,-0.021071314815364728
2026-07-22,1701.02001953125,1713.1670619113427,4.085700035095215,4.104816051776609,0.007141034344463525,0.004678761660717197,-0.2059189485637103
2026-07-23,1713.0899658203125,1705.067523312129,4.089000225067139,4.107066803942331,-0.004683024632825975,0.004418336483436051,0.034870379405405647
2026-07-24,1712.47998046875,1709.6321848919322,4.084099769592285,4.105659959880455,-0.001662965762693647,0.005279055729415367,-0.03725742007804034
2026-07-27,1715.5600585937502,1713.918968098296,4.088600158691406,4.102093817331692,-0.000956591689829468,0.0033003126049392447,-0.024958970272463972
2026-07-28,1720.4000244140625,1716.1730359762657,4.087399959564209,4.099047748715577,-0.0024569799917530223,0.002849681769975376,0.011182659444115143
2026-07-29,1724.9000244140625,1720.0891804828495,4.071199893951416,4.096864209494541,-0.0027890566775585564,0.006303870163991299,-0.02836894111426118
2026-07-30,1725.72998046875,1725.4354605416372,4.082699775695801,4.092576354179073,-0.00017066396855016036,0.0024191292590425503,-0.028942239893671826
2026-07-31,1732.6600341796875,1726.6296692221583,4.093100070953369,4.09052096029356,-0.0034804086425322296,-0.0006301118015930829,0.07828138895790926
2026-08-03,1748.1700439453125,1730.8003007178047,4.094600200653076,4.091929126577298,-0.009935957481748938,-0.0006523406303139916,0.2081395054276223
2026-08-04,1737.1500244140625,1744.476973417142,4.091700077056885,4.094331934257227,0.004217798635757397,0.0006432185035015899,-0.09325592350759389
2026-08-05,1735.75,1741.4691071059785,4.089000225067139,4.098569545141913,0.003294891030377956,0.002340259121560088,-0.09743950141250829
2026-08-06,1735.3699951171873,1735.9278854238653,4.087800025939941,4.1022304469241675,0.0003214820518089832,0.0035301191087271895,-0.05368424117075627
2026-08-07,1731.4599609375,1734.7790906531152,4.089000225067139,4.104104145488719,0.001916954356725665,0.003693793003235308,-0.08789475524097115
