seat,weighted_avg_share,trend,native_model_prob,loyalty_score,backtest_probability,backtest_prediction,original_prediction,actual_non_bn,original_probability,backtest_correct,original_correct
N.01 Buloh Kasap,0.341,-0.068,0.113,0.104,0.10857347436380735,BN,0,0,0.02,True,True
N.02 Jementah,0.495,-0.04,0.902,0.328,0.6152729133804997,non-BN,0,0,0.306,False,True
N.03 Pemanis,0.365,-0.06,0.173,0.108,0.1400942945877795,BN,0,0,0.02,True,True
N.04 Kemelah,0.412,0.053,0.185,0.243,0.213745475453418,BN,0,0,0.05,True,True
N.05 Tenang,0.466,0.131,0.213,0.355,0.2840628728094994,BN,0,0,0.077,True,True
N.06 Bekok,0.423,-0.173,0.554,0.233,0.3933503490625625,BN,1,0,0.756,True,False
N.07 Bukit Kepong,0.379,0.249,0.116,0.251,0.18317372273741242,BN,0,0,0.001,True,True
N.08 Bukit Pasir,0.31,-0.104,0.132,0.033,0.08225590968244335,BN,0,0,0.006,True,True
N.09 Gambir,0.396,-0.154,0.171,0.104,0.13762532011347595,BN,0,0,0.001,True,True
N.10 Tangkak,0.505,-0.081,0.873,0.32,0.5964992217769718,non-BN,0,0,0.314,False,True
N.11 Serom,0.37,-0.088,0.13,0.083,0.10655385834411621,BN,0,0,0.001,True,True
N.12 Bentayan,0.691,0.055,0.908,0.623,0.7656301015126622,non-BN,1,1,0.82,True,True
N.13 Simpang Jeram,0.519,-0.139,0.746,0.26,0.5027114343488825,non-BN,1,1,0.731,True,True
N.14 Bukit Naning,0.359,-0.13,0.17,0.065,0.11767474070003094,BN,0,0,0.001,True,True
N.15 Maharani,0.45,-0.195,0.123,0.131,0.12700554898741298,BN,0,0,0.001,True,True
N.16 Sungai Balang,0.336,-0.228,0.041,0.0,0.02064623452423331,BN,0,0,0.001,True,True
N.17 Semerah,0.346,-0.156,0.111,0.0,0.055365439533336,BN,0,0,0.001,True,True
N.18 Sri Medan,0.196,-0.208,0.015,0.0,0.00750066536406953,BN,0,0,0.001,True,True
N.19 Yong Peng,0.484,-0.027,0.634,0.346,0.49014080361220946,BN,1,0,0.793,True,False
N.20 Semarang,0.188,-0.146,0.011,0.0,0.005568138626279313,BN,0,0,0.001,True,True
N.21 Parit Yaani,0.454,0.002,0.328,0.255,0.2915837901244319,BN,0,0,0.067,True,True
N.22 Parit Raja,0.384,0.128,0.029,0.179,0.10407900453700497,BN,0,0,0.001,True,True
N.23 Penggaram,0.583,0.048,0.885,0.475,0.6801074520444398,non-BN,1,1,0.956,True,True
N.24 Senggarang,0.377,-0.13,0.162,0.089,0.12568260583047774,BN,0,0,0.003,True,True
N.25 Rengit,0.24,-0.153,0.013,0.0,0.006500638520176266,BN,0,0,0.001,True,True
N.26 Machap,0.415,0.102,0.07,0.23,0.1502483179212634,BN,0,0,0.001,True,True
N.27 Layang-Layang,0.394,-0.05,0.089,0.171,0.1298483362631142,BN,0,0,0.019,True,True
N.28 Mengkibol,0.638,0.064,0.914,0.568,0.7408923523101583,non-BN,1,1,0.947,True,True
N.29 Mahkota,0.402,-0.024,0.181,0.192,0.18618995092458068,BN,0,0,0.007,True,True
N.30 Paloh,0.427,-0.041,0.242,0.24,0.2409631895011781,BN,0,0,0.08,True,True
N.31 Kahang,0.27,-0.168,0.029,0.0,0.014538802026781865,BN,0,0,0.001,True,True
N.32 Endau,0.226,-0.267,0.07,0.0,0.03500372164617276,BN,0,0,0.001,True,True
N.33 Tenggaroh,0.178,-0.16,0.022,0.0,0.01118547308086254,BN,0,0,0.001,True,True
N.34 Panti,0.198,-0.067,0.018,0.0,0.008770795234199399,BN,0,0,0.001,True,True
N.34 Panti,0.181,-0.067,0.018,0.0,0.008770795234199399,BN,0,0,0.001,True,True
N.35 Pasir Raja,0.257,-0.108,0.031,0.0,0.015269876672016833,BN,0,0,0.001,True,True
N.36 Sedili,0.104,-0.065,0.016,0.0,0.00819361702025648,BN,0,0,0.001,True,True
N.37 Johor Lama,0.201,-0.138,0.016,0.0,0.007839067239971406,BN,0,0,0.001,True,True
N.38 Penawar,0.141,-0.069,0.014,0.0,0.006840356922511088,BN,0,0,0.001,True,True
N.39 Tanjung Surat,0.176,-0.054,0.02,0.0,0.00978956507564694,BN,0,0,0.001,True,True
N.40 Tiram,0.363,-0.119,0.16,0.103,0.13168858684389495,BN,0,0,0.007,True,True
N.41 Puteri Wangsa,0.59,0.336,0.636,0.61,0.6228411369014426,non-BN,0,1,0.295,True,False
N.42 Johor Jaya,0.508,-0.097,0.888,0.317,0.6025877044756733,non-BN,0,0,0.308,False,True
N.43 Permas,0.399,-0.202,0.203,0.107,0.15501198412069123,BN,0,0,0.011,True,True
N.44 Larkin,0.342,-0.12,0.127,0.055,0.09103925141262807,BN,0,0,0.026,True,True
N.45 Stulang,0.526,0.095,0.88,0.436,0.6578796230055006,non-BN,1,1,0.794,True,True
N.46 Perling,0.502,0.098,0.913,0.412,0.6624557644930549,non-BN,0,0,0.326,False,True
N.47 Kempas,0.41,-0.052,0.131,0.182,0.15645086586750379,BN,0,0,0.026,True,True
N.48 Skudai,0.678,-0.107,0.901,0.545,0.7228270003019952,non-BN,1,1,0.801,True,True
N.49 Kota Iskandar,0.438,-0.026,0.194,0.247,0.22055036284366974,BN,0,0,0.115,True,True
N.50 Bukit Permai,0.447,0.252,0.202,0.381,0.2914625488264773,BN,0,0,0.015,True,True
N.51 Bukit Batu,0.516,-0.031,0.882,0.368,0.6253272716634467,non-BN,0,0,0.308,False,True
N.52 Senai,0.622,-0.062,0.912,0.491,0.7014090732142281,non-BN,1,1,0.812,True,True
N.53 Benut,0.207,-0.204,0.012,0.0,0.006050732421373109,BN,0,0,0.001,True,True
N.54 Pulai Sebatang,0.37,-0.093,0.165,0.102,0.13388673196766704,BN,0,0,0.001,True,True
N.55 Pekan Nanas,0.426,-0.133,0.199,0.161,0.17966990856908352,BN,0,0,0.014,True,True
N.56 Kukup,0.28,-0.002,0.182,0.063,0.12241998376249143,BN,0,0,0.024,True,True
