title,source,source_lean,published,mentions_johor,mentions_neg_sembilan,mentions_melaka,bn_sentiment,harapan_sentiment,pn_sentiment,racial_tension,islam_threat,malay_unity,cost_living,corruption,govt_performance,text_snippet
Opinion: BN-PN likely to take control of Negeri Sembilan — Ong Kian Ming - The Edge Malaysia,GoogleNews-The Edge Malaysia,business_neutral,"Mon, 27 Jul 2026 07:00:00 GMT",False,True,False,0.0,0.0,0.0,0.0,0.0,0.0,0.0,0.0,0.0,Opinion: BN-PN likely to take control of Negeri Sembilan — Ong Kian Ming - The Edge Malaysia
Negeri Sembilan State Polls Will Shape National Politics - fulcrum.sg,GoogleNews-fulcrum.sg,unknown,"Mon, 20 Jul 2026 07:00:00 GMT",False,True,False,0.0,0.0,0.0,0.0,0.0,0.0,0.0,0.0,0.0,Negeri Sembilan State Polls Will Shape National Politics - fulcrum.sg
"Negeri Sembilan polls: BN-PN wins supermajority of 25 seats, as Anwar’s PH suffers another setback - CNA",GoogleNews-CNA,unknown,"Sat, 01 Aug 2026 14:17:00 GMT",False,True,False,0.5,-0.8,0.8,0.2,0.0,0.8,0.2,0.0,0.0,"Negeri Sembilan polls: BN-PN wins supermajority of 25 seats, as Anwar’s PH suffers another setback - CNA"
"BN to contest 25 seats in N Sembilan, signals electoral pact with PN - Malaysiakini",GoogleNews-Malaysiakini,independent_left,"Wed, 15 Jul 2026 07:00:00 GMT",False,False,False,0.5,-0.5,0.8,0.5,0.0,0.8,0.5,0.0,0.0,"BN to contest 25 seats in N Sembilan, signals electoral pact with PN - Malaysiakini"
Zahid: BN and Perikatan will partner to establish Negeri Sembilan administration - Malay Mail,GoogleNews-Malay Mail,centrist,"Sat, 01 Aug 2026 14:20:00 GMT",False,True,False,0.8,-0.9,0.8,0.0,0.0,0.8,0.0,0.0,0.0,Zahid: BN and Perikatan will partner to establish Negeri Sembilan administration - Malay Mail
Malaysia’s Anwar suffers another election loss to BN in Negeri Sembilan - South China Morning Post,GoogleNews-South China Morning Post,unknown,"Sat, 01 Aug 2026 07:00:00 GMT",False,True,False,-0.8,-0.9,0.7,0.8,0.9,0.8,0.6,0.7,0.4,Malaysia’s Anwar suffers another election loss to BN in Negeri Sembilan - South China Morning Post
Negeri Sembilan victory marks BN’s political comeback after 2018 rout - Free Malaysia Today,GoogleNews-Free Malaysia Today,independent_left,"Sun, 02 Aug 2026 14:30:00 GMT",False,True,False,0.8,-0.8,0.8,0.0,0.0,0.8,0.0,0.0,0.8,Negeri Sembilan victory marks BN’s political comeback after 2018 rout - Free Malaysia Today
"Anwar’s PH loses Negeri Sembilan, as BN claims win together with ally PN - The Straits Times",GoogleNews-The Straits Times,unknown,"Sat, 01 Aug 2026 14:15:00 GMT",False,True,False,1.0,-1.0,1.0,0.0,0.0,1.0,0.0,0.0,0.0,"Anwar’s PH loses Negeri Sembilan, as BN claims win together with ally PN - The Straits Times"
A test of Malaysia’s new political equation as BN teams up with PN against PH with Bersatu likely a spoiler - The Edge Malaysia,GoogleNews-The Edge Malaysia,business_neutral,"Tue, 28 Jul 2026 07:00:00 GMT",False,False,False,0.5,-0.5,0.5,0.5,0.0,0.5,0.0,0.0,0.0,A test of Malaysia’s new political equation as BN teams up with PN against PH with Bersatu likely a spoiler - The Edge Malaysia
"Negeri Sembilan polls: As BN-PN rides Malay-Muslim support to win big, what's next for them and Malaysian politics? - CNA",GoogleNews-CNA,unknown,"Mon, 03 Aug 2026 11:30:00 GMT",False,True,False,0.8,-0.8,0.9,0.7,0.4,0.9,0.2,0.1,0.3,"Negeri Sembilan polls: As BN-PN rides Malay-Muslim support to win big, what's next for them and Malaysian politics? - CNA"
What Negeri Sembilan loss means for Malaysian PM Anwar’s political strategy - South China Morning Post,GoogleNews-South China Morning Post,unknown,"Sun, 02 Aug 2026 00:00:10 GMT",False,True,False,0.0,0.0,0.0,0.0,0.0,0.0,0.0,0.0,0.0,What Negeri Sembilan loss means for Malaysian PM Anwar’s political strategy - South China Morning Post
"BN-PN secures two-thirds, no Indian in state govt, opposition without Malay - Malaysiakini",GoogleNews-Malaysiakini,independent_left,"Sat, 01 Aug 2026 09:30:12 GMT",False,False,False,0.5,-0.5,0.5,0.5,0.5,0.5,0.0,0.0,0.0,"BN-PN secures two-thirds, no Indian in state govt, opposition without Malay - Malaysiakini"
Negeri Sembilan polls — race that hinges on race - Free Malaysia Today,GoogleNews-Free Malaysia Today,independent_left,"Sat, 01 Aug 2026 07:00:00 GMT",False,True,False,0.0,0.0,0.0,0.0,0.0,0.0,0.0,0.0,0.0,Negeri Sembilan polls — race that hinges on race - Free Malaysia Today
Zahid confident ‘blue and dark blue wave’ will spread to Melaka as BN-PN declares victory in Negeri Sembilan - The Edge Malaysia,GoogleNews-The Edge Malaysia,business_neutral,"Sat, 01 Aug 2026 13:37:01 GMT",False,True,True,0.8,-0.8,0.9,0.0,0.0,0.8,0.0,0.0,0.8,Zahid confident ‘blue and dark blue wave’ will spread to Melaka as BN-PN declares victory in Negeri Sembilan - The Edge Malaysia
"Negeri Sembilan polls: BN not contesting all 36 seats, as it eyes pact with ‘trusted friend’ - CNA",GoogleNews-CNA,unknown,"Thu, 16 Jul 2026 07:00:00 GMT",False,True,False,-0.5,0.0,0.5,0.0,0.0,0.5,0.0,0.0,0.0,"Negeri Sembilan polls: BN not contesting all 36 seats, as it eyes pact with ‘trusted friend’ - CNA"
"OFFICIAL: BN wins 18 seats, PH 11, PN 7 - Free Malaysia Today",GoogleNews-Free Malaysia Today,independent_left,"Sat, 01 Aug 2026 15:48:00 GMT",False,False,False,0.5,-0.5,0.25,0.5,0.25,0.75,0.25,0.25,0.25,"OFFICIAL: BN wins 18 seats, PH 11, PN 7 - Free Malaysia Today"
‘Blue wave’ faces its real test in Negeri Sembilan - The Edge Malaysia,GoogleNews-The Edge Malaysia,business_neutral,"Thu, 30 Jul 2026 07:00:00 GMT",False,True,False,0.0,0.0,0.0,0.0,0.0,0.0,0.0,0.0,0.0,‘Blue wave’ faces its real test in Negeri Sembilan - The Edge Malaysia
"Negeri Sembilan electoral battle begins after 103 candidates confirmed; BN, PN to campaign for each other - CNA",GoogleNews-CNA,unknown,"Sat, 18 Jul 2026 07:00:00 GMT",False,True,False,0.0,0.0,0.0,0.0,0.0,0.0,0.0,0.0,0.0,"Negeri Sembilan electoral battle begins after 103 candidates confirmed; BN, PN to campaign for each other - CNA"
N Sembilan state election live report: Official: BN-PN wins two-thirds majority in N Sembilan - The Edge Malaysia,GoogleNews-The Edge Malaysia,business_neutral,"Sat, 01 Aug 2026 09:15:12 GMT",False,False,False,0.5,-0.5,0.8,0.0,0.0,1.0,0.0,0.0,0.5,N Sembilan state election live report: Official: BN-PN wins two-thirds majority in N Sembilan - The Edge Malaysia
N Sembilan state polls: BN-PN sweeps PH in Negeri Sembilan with two-thirds majority - The Edge Malaysia,GoogleNews-The Edge Malaysia,business_neutral,"Sat, 01 Aug 2026 16:18:49 GMT",False,True,False,0.0,-1.0,0.0,0.0,0.0,0.0,0.0,0.0,0.0,N Sembilan state polls: BN-PN sweeps PH in Negeri Sembilan with two-thirds majority - The Edge Malaysia
"As Negeri Sembilan votes, all eyes on whether Anwar’s PH can retain state - CNA",GoogleNews-CNA,unknown,"Sat, 01 Aug 2026 07:00:00 GMT",False,True,False,0.0,0.0,0.0,0.0,0.0,0.0,0.0,0.0,0.0,"As Negeri Sembilan votes, all eyes on whether Anwar’s PH can retain state - CNA"
BN-PN claim victory in Negeri Sembilan polls - Free Malaysia Today,GoogleNews-Free Malaysia Today,independent_left,"Sat, 01 Aug 2026 12:27:00 GMT",False,True,False,0.0,0.0,0.0,0.0,0.0,0.0,0.0,0.0,0.0,BN-PN claim victory in Negeri Sembilan polls - Free Malaysia Today
Negeri Sembilan polls: Anwar’s Pakatan Harapan faces electoral test amid rivals’ Malay-Muslim unity narrative - CNA,GoogleNews-CNA,unknown,"Fri, 31 Jul 2026 07:00:00 GMT",False,True,False,-0.5,0.5,0.8,0.8,0.2,0.8,0.6,0.8,0.4,Negeri Sembilan polls: Anwar’s Pakatan Harapan faces electoral test amid rivals’ Malay-Muslim unity narrative - CNA
Ilham Centre projects BN-PN win in Negeri Sembilan polls - Free Malaysia Today,GoogleNews-Free Malaysia Today,independent_left,"Fri, 31 Jul 2026 07:00:00 GMT",False,True,False,0.5,-0.5,0.8,0.0,0.0,1.0,0.0,0.0,0.0,Ilham Centre projects BN-PN win in Negeri Sembilan polls - Free Malaysia Today
YOURSAY | N Sembilan voters show Harapan their true feelings - disappointment - Malaysiakini,GoogleNews-Malaysiakini,independent_left,"Sun, 02 Aug 2026 00:03:40 GMT",False,False,False,0.0,0.0,0.0,0.0,0.0,0.0,0.0,0.0,0.0,YOURSAY | N Sembilan voters show Harapan their true feelings - disappointment - Malaysiakini
Negri Sembilan election: Official results - NST Online,GoogleNews-NST Online,establishment_right,"Sat, 01 Aug 2026 17:09:00 GMT",False,False,False,0.0,0.0,0.0,0.0,0.0,0.0,0.0,0.0,0.0,Negri Sembilan election: Official results - NST Online
Negeri Sembilan Election: Four key seats that could decide the state’s future - The Straits Times,GoogleNews-The Straits Times,unknown,"Sat, 18 Jul 2026 07:00:00 GMT",False,True,False,0.0,0.0,0.0,0.0,0.0,0.0,0.0,0.0,0.0,Negeri Sembilan Election: Four key seats that could decide the state’s future - The Straits Times
Who really won in Negeri Sembilan? - Free Malaysia Today,GoogleNews-Free Malaysia Today,independent_left,"Tue, 04 Aug 2026 00:00:00 GMT",False,True,False,0.0,0.0,0.0,0.0,0.0,0.0,0.0,0.0,0.0,Who really won in Negeri Sembilan? - Free Malaysia Today
"BN-PN poised to take Negeri Sembilan, says Kian Ming - Free Malaysia Today",GoogleNews-Free Malaysia Today,independent_left,"Mon, 27 Jul 2026 07:00:00 GMT",False,True,False,0.8,-0.8,0.8,0.0,0.0,0.8,0.0,0.0,0.0,"BN-PN poised to take Negeri Sembilan, says Kian Ming - Free Malaysia Today"
"Real test for BN-PN lies in PAS states, says analyst - Free Malaysia Today",GoogleNews-Free Malaysia Today,independent_left,"Mon, 03 Aug 2026 01:45:00 GMT",False,False,False,0.0,0.0,0.0,0.0,0.0,0.0,0.0,0.0,0.0,"Real test for BN-PN lies in PAS states, says analyst - Free Malaysia Today"
INTERACTIVE: Here’s how Negri Sembilan voted in the polls - The Star,GoogleNews-The Star,establishment_right,"Sat, 01 Aug 2026 16:07:00 GMT",False,False,False,0.0,0.0,0.0,0.0,0.0,0.0,0.0,0.0,0.0,INTERACTIVE: Here’s how Negri Sembilan voted in the polls - The Star
Loke: MCA’s absence in three traditional seats gives DAP advantage in Negeri Sembilan polls - The Edge Malaysia,GoogleNews-The Edge Malaysia,business_neutral,"Sun, 19 Jul 2026 07:00:00 GMT",False,True,False,0.0,0.5,-0.5,0.0,0.0,0.0,0.0,0.0,0.0,Loke: MCA’s absence in three traditional seats gives DAP advantage in Negeri Sembilan polls - The Edge Malaysia
"PN agrees Negeri Sembilan MB’s post for BN if pact wins polls, says Jalaluddin - Free Malaysia Today",GoogleNews-Free Malaysia Today,independent_left,"Sun, 19 Jul 2026 07:00:00 GMT",False,True,False,0.5,-0.5,0.5,0.0,0.0,0.5,0.0,0.0,0.0,"PN agrees Negeri Sembilan MB’s post for BN if pact wins polls, says Jalaluddin - Free Malaysia Today"
"PH concedes defeat in Negeri Sembilan with 11 seats, blames identity politics - The Edge Malaysia",GoogleNews-The Edge Malaysia,business_neutral,"Sat, 01 Aug 2026 14:09:41 GMT",False,True,False,0.0,-1.0,0.0,1.0,0.0,1.0,0.0,0.0,0.0,"PH concedes defeat in Negeri Sembilan with 11 seats, blames identity politics - The Edge Malaysia"
BN-PN tie-up may carry on into Melaka polls - Free Malaysia Today,GoogleNews-Free Malaysia Today,independent_left,"Fri, 31 Jul 2026 07:00:00 GMT",False,False,True,0.5,-0.5,0.5,0.0,0.0,1.0,0.0,0.0,0.0,BN-PN tie-up may carry on into Melaka polls - Free Malaysia Today
Special Issue on Negeri Sembilan State Election 2026 – 3 August 2026 - iseas.edu.sg,GoogleNews-iseas.edu.sg,unknown,"Mon, 03 Aug 2026 11:41:38 GMT",False,True,False,1.0,1.0,1.0,1.0,0.0,0.0,0.0,0.0,0.0,Special Issue on Negeri Sembilan State Election 2026 – 3 August 2026 - iseas.edu.sg
Will the Negeri Sembilan state polls be Bersatu’s toughest test yet? - The Straits Times,GoogleNews-The Straits Times,unknown,"Wed, 22 Jul 2026 07:00:00 GMT",False,True,False,0.0,0.0,0.0,0.0,0.0,0.0,0.0,0.0,0.0,Will the Negeri Sembilan state polls be Bersatu’s toughest test yet? - The Straits Times
BN-PN cooperation gets thumbs up from grassroots members - Free Malaysia Today,GoogleNews-Free Malaysia Today,independent_left,"Sun, 19 Jul 2026 07:00:00 GMT",False,False,False,-0.5,-0.5,1.0,0.0,0.0,1.0,0.0,0.0,0.0,BN-PN cooperation gets thumbs up from grassroots members - Free Malaysia Today
"BN’s support for PN in 11 Negeri Sembilan seats part of ‘political reality’, says Zahid - Free Malaysia Today",GoogleNews-Free Malaysia Today,independent_left,"Sat, 18 Jul 2026 07:00:00 GMT",False,True,False,0.5,-0.5,0.5,0.0,0.0,1.0,0.0,0.0,0.0,"BN’s support for PN in 11 Negeri Sembilan seats part of ‘political reality’, says Zahid - Free Malaysia Today"
Biggest winners and losers in the Negeri Sembilan polls - Free Malaysia Today,GoogleNews-Free Malaysia Today,independent_left,"Sun, 02 Aug 2026 06:00:00 GMT",False,True,False,0.0,0.0,0.0,0.0,0.0,0.0,0.0,0.0,0.0,Biggest winners and losers in the Negeri Sembilan polls - Free Malaysia Today
"BN, PN to begin talks soon on electoral pact for Melaka polls, following Negeri Sembilan victory - CNA",GoogleNews-CNA,unknown,"Mon, 03 Aug 2026 09:27:00 GMT",False,True,True,0.5,-0.5,0.5,0.0,0.0,0.5,0.0,0.0,0.0,"BN, PN to begin talks soon on electoral pact for Melaka polls, following Negeri Sembilan victory - CNA"
Special Issue on Negeri Sembilan State Election 2026 – 4 August 2026 - iseas.edu.sg,GoogleNews-iseas.edu.sg,unknown,"Tue, 04 Aug 2026 07:28:55 GMT",False,True,False,0.0,0.0,0.0,0.0,0.0,0.0,0.0,0.0,0.0,Special Issue on Negeri Sembilan State Election 2026 – 4 August 2026 - iseas.edu.sg
"(Unofficial) Negeri Sembilan polls: ‘PBN’ to form state govt, sets sights on Melaka next - Malay Mail",GoogleNews-Malay Mail,centrist,"Sat, 01 Aug 2026 10:00:00 GMT",False,True,True,0.5,-0.5,1.0,0.5,0.0,1.0,0.0,0.0,0.0,"(Unofficial) Negeri Sembilan polls: ‘PBN’ to form state govt, sets sights on Melaka next - Malay Mail"
Tok Mat confirms BN to work with ‘trusted’ partner - Free Malaysia Today,GoogleNews-Free Malaysia Today,independent_left,"Wed, 15 Jul 2026 07:00:00 GMT",False,False,False,0.5,-0.5,0.5,0.0,0.0,1.0,0.0,0.0,0.0,Tok Mat confirms BN to work with ‘trusted’ partner - Free Malaysia Today
"Pakatan leads N. Sembilan forecast, but BN’s trust advantage keeps election race open, says Vodus survey - Malay Mail",GoogleNews-Malay Mail,centrist,"Thu, 23 Jul 2026 07:00:00 GMT",False,True,False,0.5,0.7,-0.3,0.5,0.8,0.9,0.6,0.8,0.4,"Pakatan leads N. Sembilan forecast, but BN’s trust advantage keeps election race open, says Vodus survey - Malay Mail"
"COMMENT | BN-PN likely to form N Sembilan govt, but some seats can narrow margin of victory - Malaysiakini",GoogleNews-Malaysiakini,independent_left,"Mon, 27 Jul 2026 07:00:00 GMT",False,False,False,0.8,-0.8,1.0,0.6,0.2,1.0,0.4,0.6,0.2,"COMMENT | BN-PN likely to form N Sembilan govt, but some seats can narrow margin of victory - Malaysiakini"
DAP's Anthony Loke loses Chennah in major Negeri Sembilan upset - The Edge Malaysia,GoogleNews-The Edge Malaysia,business_neutral,"Sat, 01 Aug 2026 13:12:45 GMT",False,True,False,-1.0,0.0,-1.0,0.0,0.0,0.0,0.0,0.0,0.0,DAP's Anthony Loke loses Chennah in major Negeri Sembilan upset - The Edge Malaysia
Negeri Sembilan election: Indian voters could be key to whether Anwar’s PH retains the state - The Straits Times,GoogleNews-The Straits Times,unknown,"Thu, 30 Jul 2026 07:00:00 GMT",False,True,False,0.0,0.5,-0.5,0.5,0.0,0.5,0.5,0.5,0.0,Negeri Sembilan election: Indian voters could be key to whether Anwar’s PH retains the state - The Straits Times
"BN-PN pact could shake PH’s grip on Selangor, say analysts - Free Malaysia Today",GoogleNews-Free Malaysia Today,independent_left,"Fri, 31 Jul 2026 07:00:00 GMT",False,False,False,0.5,-0.5,0.5,0.5,0.5,0.5,0.0,0.0,0.0,"BN-PN pact could shake PH’s grip on Selangor, say analysts - Free Malaysia Today"
"MCA ‘biggest loser’ in BN-PN Negeri Sembilan pact, says Loke - Free Malaysia Today",GoogleNews-Free Malaysia Today,independent_left,"Sun, 19 Jul 2026 07:00:00 GMT",False,True,False,-0.5,0.5,0.5,0.0,0.0,0.5,0.0,0.0,0.0,"MCA ‘biggest loser’ in BN-PN Negeri Sembilan pact, says Loke - Free Malaysia Today"
"Negeri Sembilan election tests Anwar as race, royal feud dominate - The Straits Times",GoogleNews-The Straits Times,unknown,"Sat, 01 Aug 2026 07:00:00 GMT",False,True,False,0.0,0.5,-0.5,0.5,0.5,0.5,0.5,0.5,0.0,"Negeri Sembilan election tests Anwar as race, royal feud dominate - The Straits Times"
"OPINION: Pakatan Harapan should go back to its reform roots, even if it is too late to fight against BN-PN wave — Ong Kian Ming - The Edge Malaysia",GoogleNews-The Edge Malaysia,business_neutral,"Mon, 03 Aug 2026 00:43:34 GMT",False,False,False,-1.0,0.0,-1.0,0.0,0.0,1.0,1.0,0.0,0.0,"OPINION: Pakatan Harapan should go back to its reform roots, even if it is too late to fight against BN-PN wave — Ong Kian Ming - The Edge Malaysia"
"PN adopts BN manifesto for Negeri Sembilan polls, adds 14 pledges - Free Malaysia Today",GoogleNews-Free Malaysia Today,independent_left,"Sat, 25 Jul 2026 07:00:00 GMT",False,True,False,0.0,0.0,0.0,0.0,0.0,0.0,0.0,0.0,0.0,"PN adopts BN manifesto for Negeri Sembilan polls, adds 14 pledges - Free Malaysia Today"
"PH needs big voter swing to hit 23-seat target in NS, analyst says - Free Malaysia Today",GoogleNews-Free Malaysia Today,independent_left,"Wed, 22 Jul 2026 07:00:00 GMT",False,False,False,1.0,1.0,1.0,1.0,1.0,1.0,1.0,1.0,0.0,"PH needs big voter swing to hit 23-seat target in NS, analyst says - Free Malaysia Today"
"Harapan Youth demands BN ministers, deputies quit over PN alliance - Malaysiakini",GoogleNews-Malaysiakini,independent_left,"Sun, 19 Jul 2026 07:00:00 GMT",False,False,False,-0.5,0.8,-0.8,0.5,0.0,0.8,0.2,0.8,0.2,"Harapan Youth demands BN ministers, deputies quit over PN alliance - Malaysiakini"
"BN working with PN to send PH a signal, says Khairy - Free Malaysia Today",GoogleNews-Free Malaysia Today,independent_left,"Mon, 20 Jul 2026 07:00:00 GMT",False,False,False,0.5,-0.5,0.5,0.5,0.0,0.5,0.0,0.0,0.0,"BN working with PN to send PH a signal, says Khairy - Free Malaysia Today"
The 7 seats to watch in the Negeri Sembilan election - Free Malaysia Today,GoogleNews-Free Malaysia Today,independent_left,"Thu, 30 Jul 2026 07:00:00 GMT",False,True,False,0.5,-0.5,0.5,0.5,0.0,0.0,0.0,0.0,0.0,The 7 seats to watch in the Negeri Sembilan election - Free Malaysia Today
Opinion: Projecting the Johor state election results - The Edge Malaysia,GoogleNews-The Edge Malaysia,business_neutral,"Fri, 03 Jul 2026 07:00:00 GMT",True,False,False,0.0,0.0,0.0,0.0,0.0,0.0,0.0,0.0,0.0,Opinion: Projecting the Johor state election results - The Edge Malaysia
Seismic shift in Malaysian politics as BN-Perikatan ousts Pakatan heavyweights in Negeri Sembilan poll - Malay Mail,GoogleNews-Malay Mail,centrist,"Sat, 01 Aug 2026 23:00:00 GMT",False,True,False,0.8,-0.8,0.8,0.5,0.4,0.8,0.2,0.6,0.4,Seismic shift in Malaysian politics as BN-Perikatan ousts Pakatan heavyweights in Negeri Sembilan poll - Malay Mail
"BN-PN cooperation only to avoid vote splits, says Wee - Free Malaysia Today",GoogleNews-Free Malaysia Today,independent_left,"Sat, 18 Jul 2026 07:00:00 GMT",False,False,False,0.0,-1.0,0.0,0.0,0.0,0.5,0.0,0.0,0.0,"BN-PN cooperation only to avoid vote splits, says Wee - Free Malaysia Today"
[Unofficial] BN-PN Reclaims Negeri Sembilan With Commanding 25-Seat Victory - TRP | The Rakyat Post,GoogleNews-TRP | The Rakyat Post,unknown,"Sat, 01 Aug 2026 15:07:09 GMT",False,True,False,0.0,0.0,0.0,0.0,0.0,0.0,0.0,0.0,0.0,[Unofficial] BN-PN Reclaims Negeri Sembilan With Commanding 25-Seat Victory - TRP | The Rakyat Post
"BN wins bigger majority in 2026 Johor polls; wipeout for PN, Bersama and Muda - The Edge Malaysia",GoogleNews-The Edge Malaysia,business_neutral,"Sat, 11 Jul 2026 07:00:00 GMT",True,False,False,1.0,0.0,-1.0,0.0,0.0,1.0,0.0,0.0,1.0,"BN wins bigger majority in 2026 Johor polls; wipeout for PN, Bersama and Muda - The Edge Malaysia"
"PAS in talks with BN for Negeri polls, says Bersatu man - Free Malaysia Today",GoogleNews-Free Malaysia Today,independent_left,"Fri, 10 Jul 2026 07:00:00 GMT",False,False,False,0.5,-0.5,0.5,0.5,0.5,0.5,0.0,0.0,0.0,"PAS in talks with BN for Negeri polls, says Bersatu man - Free Malaysia Today"
"PH Youth wants BN ministers, deputy ministers to quit over PN ties - Free Malaysia Today",GoogleNews-Free Malaysia Today,independent_left,"Sun, 19 Jul 2026 07:00:00 GMT",False,False,False,0.0,0.0,0.0,0.0,0.0,0.0,0.0,0.0,0.0,"PH Youth wants BN ministers, deputy ministers to quit over PN ties - Free Malaysia Today"
Negeri Sembilan votes today: 10 seats to watch in pivotal state election - Malay Mail,GoogleNews-Malay Mail,centrist,"Sat, 01 Aug 2026 07:00:00 GMT",False,True,False,0.0,0.0,0.0,0.0,0.0,0.0,0.0,0.0,0.0,Negeri Sembilan votes today: 10 seats to watch in pivotal state election - Malay Mail
Negri Sembilan polls: Full list of candidates for 36 seats - NST Online,GoogleNews-NST Online,establishment_right,"Sat, 18 Jul 2026 07:00:00 GMT",False,False,False,1.0,1.0,1.0,1.0,1.0,1.0,1.0,1.0,0.0,Negri Sembilan polls: Full list of candidates for 36 seats - NST Online
"BN-PN blue wave can sweep 122 seats in GE16, says think tank - Free Malaysia Today",GoogleNews-Free Malaysia Today,independent_left,"Sat, 08 Aug 2026 14:30:00 GMT",False,False,False,0.5,-0.8,0.8,0.6,0.8,0.8,0.4,0.2,0.0,"BN-PN blue wave can sweep 122 seats in GE16, says think tank - Free Malaysia Today"
"Two Kings, one ballot: How Negeri Sembilan's royal crisis is shaping an election - The Straits Times",GoogleNews-The Straits Times,unknown,"Thu, 30 Jul 2026 07:00:00 GMT",False,True,False,0.0,0.0,0.0,0.0,0.0,0.0,0.0,0.0,0.0,"Two Kings, one ballot: How Negeri Sembilan's royal crisis is shaping an election - The Straits Times"
Do the unthinkable: 6 ways to prevent a BN-PN takeover - Free Malaysia Today,GoogleNews-Free Malaysia Today,independent_left,"Wed, 05 Aug 2026 14:00:00 GMT",False,False,False,0.0,0.0,-1.0,0.0,0.0,1.0,0.0,0.0,0.0,Do the unthinkable: 6 ways to prevent a BN-PN takeover - Free Malaysia Today
"Special Report: Man in the spotlight: Anthony Loke on elections, ‘frenemies’ in politics and transport matters - The Edge Malaysia",GoogleNews-The Edge Malaysia,business_neutral,"Wed, 29 Jul 2026 07:00:00 GMT",False,False,False,0.0,0.8,-0.6,0.2,0.0,0.0,0.8,0.8,0.4,"Special Report: Man in the spotlight: Anthony Loke on elections, ‘frenemies’ in politics and transport matters - The Edge Malaysia"
"PN’s supporting-role strategy expands influence, limits polls fallout, say analysts - Free Malaysia Today",GoogleNews-Free Malaysia Today,independent_left,"Fri, 31 Jul 2026 07:00:00 GMT",False,False,False,0.0,0.0,0.0,0.0,0.0,0.0,0.0,0.0,0.0,"PN’s supporting-role strategy expands influence, limits polls fallout, say analysts - Free Malaysia Today"
MCA Youth sec-gen told to skip Negeri Sembilan campaign - Free Malaysia Today,GoogleNews-Free Malaysia Today,independent_left,"Sat, 18 Jul 2026 07:00:00 GMT",False,True,False,0.0,0.0,-1.0,0.0,0.0,0.0,0.0,0.0,0.0,MCA Youth sec-gen told to skip Negeri Sembilan campaign - Free Malaysia Today
BN-PN pact to carry on at coming Melaka election - Free Malaysia Today,GoogleNews-Free Malaysia Today,independent_left,"Sat, 01 Aug 2026 13:48:00 GMT",False,False,True,0.5,-0.5,0.5,0.0,0.0,0.5,0.0,0.0,0.0,BN-PN pact to carry on at coming Melaka election - Free Malaysia Today
"Conflicting messages show cracks in BN-PN alliance, say analysts - Free Malaysia Today",GoogleNews-Free Malaysia Today,independent_left,"Tue, 28 Jul 2026 07:00:00 GMT",False,False,False,0.0,-0.5,-0.5,0.5,0.5,0.5,0.5,0.5,0.0,"Conflicting messages show cracks in BN-PN alliance, say analysts - Free Malaysia Today"
"MCA returns to Negeri Sembilan assembly, MIC still shut out - Free Malaysia Today",GoogleNews-Free Malaysia Today,independent_left,"Sun, 02 Aug 2026 02:09:04 GMT",False,True,False,0.5,-0.5,0.5,0.0,0.0,0.5,0.0,0.0,0.0,"MCA returns to Negeri Sembilan assembly, MIC still shut out - Free Malaysia Today"
"BN-PN pact not about race, says Ahmad Samsuri - Free Malaysia Today",GoogleNews-Free Malaysia Today,independent_left,"Sun, 26 Jul 2026 07:00:00 GMT",False,False,False,0.5,-0.5,0.5,0.0,0.0,1.0,0.0,0.0,0.0,"BN-PN pact not about race, says Ahmad Samsuri - Free Malaysia Today"
"BN-PN victory carries responsibility to strengthen Negeri Sembilan, says Jalaluddin - The Malaysian Reserve",GoogleNews-The Malaysian Reserve,unknown,"Sat, 01 Aug 2026 15:37:53 GMT",False,True,False,0.8,-0.8,0.8,0.0,0.0,1.0,0.0,0.0,0.8,"BN-PN victory carries responsibility to strengthen Negeri Sembilan, says Jalaluddin - The Malaysian Reserve"
Mohamad Hasan says non-Malays have ‘no reason to be unduly worried’ by BN-Perikatan pact in Negeri Sembilan - Malay Mail,GoogleNews-Malay Mail,centrist,"Sun, 26 Jul 2026 07:00:00 GMT",False,True,False,0.5,-0.5,0.5,0.0,0.0,1.0,0.0,0.0,0.0,Mohamad Hasan says non-Malays have ‘no reason to be unduly worried’ by BN-Perikatan pact in Negeri Sembilan - Malay Mail
"BN-PN secures two-thirds majority to form new Negeri Sembilan govt, says Ahmad Zahid - The Malaysian Reserve",GoogleNews-The Malaysian Reserve,unknown,"Sat, 01 Aug 2026 13:47:43 GMT",False,True,False,0.5,-0.5,0.8,0.0,0.0,1.0,0.0,0.0,0.8,"BN-PN secures two-thirds majority to form new Negeri Sembilan govt, says Ahmad Zahid - The Malaysian Reserve"
"Three strikes, DAP’s out? Loss in Malaysia’s third state poll rattles coalition - South China Morning Post",GoogleNews-South China Morning Post,unknown,"Mon, 03 Aug 2026 01:00:31 GMT",False,False,False,0.0,0.0,0.0,0.0,0.0,0.0,0.0,0.0,0.0,"Three strikes, DAP’s out? Loss in Malaysia’s third state poll rattles coalition - South China Morning Post"
"PN likely to demand equal share of seats in Melaka polls, says analyst - Free Malaysia Today",GoogleNews-Free Malaysia Today,independent_left,"Thu, 06 Aug 2026 14:30:00 GMT",False,False,True,0.0,0.0,0.0,0.0,0.0,0.0,0.0,0.0,0.0,"PN likely to demand equal share of seats in Melaka polls, says analyst - Free Malaysia Today"
Negri Sembilan polls: Ong Kian Ming predicts BN-PN win up to 25 seat - NST Online,GoogleNews-NST Online,establishment_right,"Mon, 27 Jul 2026 07:00:00 GMT",False,False,False,0.8,-0.8,0.9,0.0,0.0,0.9,0.0,0.0,0.0,Negri Sembilan polls: Ong Kian Ming predicts BN-PN win up to 25 seat - NST Online
Negeri Sembilan election landscape remains unpredictable amid shifting alliances – Analysts - The Malaysian Reserve,GoogleNews-The Malaysian Reserve,unknown,"Sat, 01 Aug 2026 07:27:36 GMT",False,True,False,0.5,-0.5,0.5,0.5,0.8,0.8,0.0,0.0,0.0,Negeri Sembilan election landscape remains unpredictable amid shifting alliances – Analysts - The Malaysian Reserve
"Johor election defeat hastens PN’s downfall, say analysts - Free Malaysia Today",GoogleNews-Free Malaysia Today,independent_left,"Sun, 12 Jul 2026 07:00:00 GMT",True,False,False,0.5,0.8,-0.8,0.5,0.2,0.0,0.8,0.9,0.4,"Johor election defeat hastens PN’s downfall, say analysts - Free Malaysia Today"
"PH targeting 22 seats, BN-PN eyeing 20-plus in Negeri Sembilan - Free Malaysia Today",GoogleNews-Free Malaysia Today,independent_left,"Fri, 31 Jul 2026 07:00:00 GMT",False,True,False,0.0,0.5,0.5,0.0,0.0,0.5,0.0,0.0,0.0,"PH targeting 22 seats, BN-PN eyeing 20-plus in Negeri Sembilan - Free Malaysia Today"
Negeri Sembilan election: What you need to know - The Straits Times,GoogleNews-The Straits Times,unknown,"Mon, 20 Jul 2026 07:00:00 GMT",False,True,False,0.0,0.0,0.0,0.0,0.0,0.0,0.0,0.0,0.0,Negeri Sembilan election: What you need to know - The Straits Times
Why N Sembilan election highlights Malaysia's political immaturity - Malaysiakini,GoogleNews-Malaysiakini,independent_left,"Tue, 21 Jul 2026 07:00:00 GMT",False,False,False,0.0,0.0,0.0,0.0,0.0,0.0,0.0,0.0,0.0,Why N Sembilan election highlights Malaysia's political immaturity - Malaysiakini
Negeri Sembilan Election: Let Majority Decide – Anthony Loke - TRP | The Rakyat Post,GoogleNews-TRP | The Rakyat Post,unknown,"Sat, 01 Aug 2026 04:51:43 GMT",False,True,False,0.0,0.0,0.0,0.0,0.0,0.0,0.0,0.0,0.0,Negeri Sembilan Election: Let Majority Decide – Anthony Loke - TRP | The Rakyat Post
"PH needs 80% voter turnout to stand chance in NS, says coalition leader - Free Malaysia Today",GoogleNews-Free Malaysia Today,independent_left,"Mon, 20 Jul 2026 07:00:00 GMT",False,False,False,0.0,0.0,0.0,0.0,0.0,0.0,0.0,0.0,0.0,"PH needs 80% voter turnout to stand chance in NS, says coalition leader - Free Malaysia Today"
PN not sweating over possible seat clashes with BN in Melaka polls - Free Malaysia Today,GoogleNews-Free Malaysia Today,independent_left,"Thu, 06 Aug 2026 13:00:00 GMT",False,False,True,0.0,0.0,0.0,0.0,0.0,0.0,0.0,0.0,0.0,PN not sweating over possible seat clashes with BN in Melaka polls - Free Malaysia Today
"BN-PN pact fraying at the seams, says Amirudin - Free Malaysia Today",GoogleNews-Free Malaysia Today,independent_left,"Sun, 26 Jul 2026 07:00:00 GMT",False,False,False,-1.0,0.0,-1.0,1.0,0.0,0.0,0.0,0.0,0.0,"BN-PN pact fraying at the seams, says Amirudin - Free Malaysia Today"
"BN-PN pact in Melaka may look different, says Hadi - Free Malaysia Today",GoogleNews-Free Malaysia Today,independent_left,"Mon, 03 Aug 2026 14:14:00 GMT",False,False,True,0.5,-0.5,0.5,0.5,0.0,0.5,0.0,0.0,0.0,"BN-PN pact in Melaka may look different, says Hadi - Free Malaysia Today"
"No BN-PAS seat deal in Negeri Sembilan, says Zahid - Free Malaysia Today",GoogleNews-Free Malaysia Today,independent_left,"Mon, 13 Jul 2026 07:00:00 GMT",False,True,False,0.0,0.0,-1.0,0.0,0.0,0.0,0.0,0.0,0.0,"No BN-PAS seat deal in Negeri Sembilan, says Zahid - Free Malaysia Today"
BN-PN alliance makes final push in Pilah as Negeri Sembilan votes - The Malaysian Reserve,GoogleNews-The Malaysian Reserve,unknown,"Sat, 01 Aug 2026 01:47:01 GMT",False,True,False,0.5,-0.5,0.8,0.0,0.0,1.0,0.0,0.0,0.0,BN-PN alliance makes final push in Pilah as Negeri Sembilan votes - The Malaysian Reserve
"Don’t rely on past polls for BN-PN seat formula, says Kedah Umno - Free Malaysia Today",GoogleNews-Free Malaysia Today,independent_left,"Wed, 05 Aug 2026 08:28:00 GMT",False,False,False,0.0,-1.0,0.5,0.0,0.0,1.0,0.0,0.0,0.0,"Don’t rely on past polls for BN-PN seat formula, says Kedah Umno - Free Malaysia Today"
"Opinion: PH, DAP leaders in continued denial over Johor election results — Ong Kian Ming - The Edge Malaysia",GoogleNews-The Edge Malaysia,business_neutral,"Mon, 13 Jul 2026 07:00:00 GMT",True,False,False,0.0,0.0,0.0,0.0,0.0,0.0,0.0,0.0,0.0,"Opinion: PH, DAP leaders in continued denial over Johor election results — Ong Kian Ming - The Edge Malaysia"
N9VOTES: BN-PN claim victory in Negeri Sembilan - The Edge Malaysia,GoogleNews-The Edge Malaysia,business_neutral,"Sat, 01 Aug 2026 15:37:00 GMT",False,True,False,0.0,0.0,0.0,0.0,0.0,0.0,0.0,0.0,0.0,N9VOTES: BN-PN claim victory in Negeri Sembilan - The Edge Malaysia
Johor state election: Five key battles to watch for political shifts - The Straits Times,GoogleNews-The Straits Times,unknown,"Sat, 27 Jun 2026 07:00:00 GMT",True,False,False,0.0,0.0,0.0,0.0,0.0,0.0,0.0,0.0,0.0,Johor state election: Five key battles to watch for political shifts - The Straits Times
"BN-PN secures two-thirds majority to form new Negeri Sembilan govt, says Ahmad Zahid - Borneo Post",GoogleNews-Borneo Post,unknown,"Sat, 01 Aug 2026 14:02:59 GMT",False,True,False,0.5,-0.5,0.8,0.0,0.0,1.0,0.0,0.0,0.5,"BN-PN secures two-thirds majority to form new Negeri Sembilan govt, says Ahmad Zahid - Borneo Post"
51.58% voter turnout in Negeri Sembilan polls as of 2pm - Free Malaysia Today,GoogleNews-Free Malaysia Today,independent_left,"Sat, 01 Aug 2026 05:10:00 GMT",False,True,False,0.0,0.0,0.0,0.0,0.0,0.0,0.0,0.0,0.0,51.58% voter turnout in Negeri Sembilan polls as of 2pm - Free Malaysia Today
Maut dilanggar lari ketika pasang bendera kempen PRN Negeri Sembilan - Berita Harian,GoogleNews-Berita Harian,unknown,"Mon, 20 Jul 2026 07:00:00 GMT",False,True,False,0.0,0.0,0.0,0.0,0.0,0.0,0.0,0.0,0.0,Maut dilanggar lari ketika pasang bendera kempen PRN Negeri Sembilan - Berita Harian
Negeri Sembilan race begins as nomination day kicks off - Malay Mail,GoogleNews-Malay Mail,centrist,"Sat, 18 Jul 2026 07:00:00 GMT",False,True,False,0.0,0.0,0.0,0.0,0.0,0.0,0.0,0.0,0.0,Negeri Sembilan race begins as nomination day kicks off - Malay Mail
Negeri Sembilan election sees 37pc voter turnout by noon - Malay Mail,GoogleNews-Malay Mail,centrist,"Sat, 01 Aug 2026 07:00:00 GMT",False,True,False,0.0,-1.0,0.5,0.0,0.0,0.5,0.0,0.0,0.0,Negeri Sembilan election sees 37pc voter turnout by noon - Malay Mail
Negri polls: Voter turnout reaches 59.03pct as at 3pm - NST Online,GoogleNews-NST Online,establishment_right,"Sat, 01 Aug 2026 07:37:13 GMT",False,False,False,1.0,1.0,1.0,1.0,1.0,1.0,1.0,1.0,0.0,Negri polls: Voter turnout reaches 59.03pct as at 3pm - NST Online
"Negeri Sembilan polls: Four days left, candidates step up final campaign push - The Edge Malaysia",GoogleNews-The Edge Malaysia,business_neutral,"Mon, 27 Jul 2026 07:00:00 GMT",False,True,False,0.0,0.0,0.0,0.0,0.0,0.0,0.0,0.0,0.0,"Negeri Sembilan polls: Four days left, candidates step up final campaign push - The Edge Malaysia"
"Negeri Sembilan polls in numbers: 103 candidates confirmed, 21 seats head into three-way fights - Malay Mail",GoogleNews-Malay Mail,centrist,"Sat, 18 Jul 2026 07:00:00 GMT",False,True,False,1.0,1.0,1.0,1.0,1.0,1.0,1.0,1.0,0.0,"Negeri Sembilan polls in numbers: 103 candidates confirmed, 21 seats head into three-way fights - Malay Mail"
Occasional Holiday declared by Negeri Sembilan state govt not mandatory for private sector — Labour Dept - The Edge Malaysia,GoogleNews-The Edge Malaysia,business_neutral,"Sun, 02 Aug 2026 15:02:04 GMT",False,True,False,0.0,0.0,0.0,0.0,0.0,0.0,0.0,0.0,0.0,Occasional Holiday declared by Negeri Sembilan state govt not mandatory for private sector — Labour Dept - The Edge Malaysia
PH to unveil ‘manifesto for continuity’ in Negeri Sembilan tomorrow - Free Malaysia Today,GoogleNews-Free Malaysia Today,independent_left,"Sun, 19 Jul 2026 07:00:00 GMT",False,True,False,0.0,0.0,0.0,0.0,0.0,0.0,0.0,0.0,0.0,PH to unveil ‘manifesto for continuity’ in Negeri Sembilan tomorrow - Free Malaysia Today
Bersatu umum calon PRN Negeri Sembilan - Free Malaysia Today,GoogleNews-Free Malaysia Today,independent_left,"Fri, 17 Jul 2026 07:00:00 GMT",False,True,False,0.0,0.0,0.0,0.0,0.0,0.0,0.0,0.0,0.0,Bersatu umum calon PRN Negeri Sembilan - Free Malaysia Today
"Ampangan, Chennah, and Linggi set to be among fiercest election battlegrounds, say analysts - NST Online",GoogleNews-NST Online,establishment_right,"Mon, 20 Jul 2026 07:00:00 GMT",False,False,False,0.0,0.0,0.0,0.0,0.0,0.0,0.0,0.0,0.0,"Ampangan, Chennah, and Linggi set to be among fiercest election battlegrounds, say analysts - NST Online"
"BN, PN to merge manifestos for Negeri Sembilan polls, says Annuar - Free Malaysia Today",GoogleNews-Free Malaysia Today,independent_left,"Thu, 23 Jul 2026 07:00:00 GMT",False,True,False,0.5,-0.5,0.5,0.0,0.0,1.0,0.0,0.0,0.0,"BN, PN to merge manifestos for Negeri Sembilan polls, says Annuar - Free Malaysia Today"
"Zahid to launch BN election machinery, candidate lineup for Negri polls tomorrow night - NST Online",GoogleNews-NST Online,establishment_right,"Tue, 14 Jul 2026 07:00:00 GMT",False,False,False,0.5,-0.5,0.5,0.0,0.0,0.5,0.0,0.0,0.0,"Zahid to launch BN election machinery, candidate lineup for Negri polls tomorrow night - NST Online"
"PN-BN pact puts Negri Sembilan people's interests above differences, says Samsuri - NST Online",GoogleNews-NST Online,establishment_right,"Sat, 25 Jul 2026 07:00:00 GMT",False,False,False,0.8,-0.8,0.8,0.0,0.0,1.0,0.0,0.0,0.8,"PN-BN pact puts Negri Sembilan people's interests above differences, says Samsuri - NST Online"
N9 Polls: Appearence Of New Faces Provides A Fresh Option For Voters - Bernama,GoogleNews-Bernama,government_official,"Sat, 18 Jul 2026 07:00:00 GMT",False,True,False,0.0,0.0,0.0,0.0,0.0,0.0,0.0,0.0,0.0,N9 Polls: Appearence Of New Faces Provides A Fresh Option For Voters - Bernama
PRNNS: Loke: 'We must win all 11 seats to help PH form state government' - The Vibes,GoogleNews-The Vibes,unknown,"Mon, 20 Jul 2026 00:37:00 GMT",False,False,False,0.0,1.0,0.0,0.0,0.0,0.0,0.0,0.0,1.0,PRNNS: Loke: 'We must win all 11 seats to help PH form state government' - The Vibes
Negri polls: Abdul Hadi instructs PAS members to vote for BN - The Star,GoogleNews-The Star,establishment_right,"Thu, 30 Jul 2026 07:00:00 GMT",False,False,False,1.0,-1.0,-1.0,0.0,0.0,1.0,0.0,0.0,0.0,Negri polls: Abdul Hadi instructs PAS members to vote for BN - The Star
Election results show Malaysia trapped in a cycle of race-religion politics - Free Malaysia Today,GoogleNews-Free Malaysia Today,independent_left,"Tue, 04 Aug 2026 14:00:00 GMT",False,False,False,0.0,0.0,0.0,0.0,0.0,0.0,0.0,0.0,0.0,Election results show Malaysia trapped in a cycle of race-religion politics - Free Malaysia Today
"Young Negeri Sembilan voters prefer parties over candidates, says think tank - Free Malaysia Today",GoogleNews-Free Malaysia Today,independent_left,"Fri, 31 Jul 2026 07:00:00 GMT",False,True,False,0.0,0.0,0.0,0.0,0.0,0.0,0.0,0.0,0.0,"Young Negeri Sembilan voters prefer parties over candidates, says think tank - Free Malaysia Today"
Biggest winners and losers in the Johor polls - Free Malaysia Today,GoogleNews-Free Malaysia Today,independent_left,"Mon, 13 Jul 2026 07:00:00 GMT",True,False,False,0.0,0.0,0.0,0.0,0.0,0.0,0.0,0.0,0.0,Biggest winners and losers in the Johor polls - Free Malaysia Today
Liputan langsung PRN N Sembilan: 7.00 malam - Free Malaysia Today,GoogleNews-Free Malaysia Today,independent_left,"Sat, 01 Aug 2026 11:03:49 GMT",False,False,False,0.0,0.0,0.0,0.0,0.0,0.0,0.0,0.0,0.0,Liputan langsung PRN N Sembilan: 7.00 malam - Free Malaysia Today
EC denies PN leading in Negeri Sembilan early votes - Free Malaysia Today,GoogleNews-Free Malaysia Today,independent_left,"Wed, 29 Jul 2026 07:00:00 GMT",False,True,False,0.0,0.0,0.0,0.0,0.0,0.0,0.0,0.0,0.0,EC denies PN leading in Negeri Sembilan early votes - Free Malaysia Today
Negeri Sembilan Polls: Seven Election Offence Investigation Papers Opened - BusinessToday Malaysia,GoogleNews-BusinessToday Malaysia,unknown,"Thu, 23 Jul 2026 03:41:44 GMT",False,True,False,0.0,-1.0,0.0,0.0,0.0,0.0,0.0,0.0,0.0,Negeri Sembilan Polls: Seven Election Offence Investigation Papers Opened - BusinessToday Malaysia
PAS tunggu Muhyiddin bentuk gabungan baharu selepas PRN - Free Malaysia Today,GoogleNews-Free Malaysia Today,independent_left,"Mon, 27 Jul 2026 07:00:00 GMT",False,False,False,0.0,0.0,0.0,0.0,0.0,0.0,0.0,0.0,0.0,PAS tunggu Muhyiddin bentuk gabungan baharu selepas PRN - Free Malaysia Today
Negri Sembilan voters head to the polls today - NST Online,GoogleNews-NST Online,establishment_right,"Fri, 31 Jul 2026 07:00:00 GMT",False,False,False,0.0,0.0,0.0,0.0,0.0,0.0,0.0,0.0,0.0,Negri Sembilan voters head to the polls today - NST Online
"Jalaluddin a likely candidate for Negeri Sembilan MB, says Hamzah - Free Malaysia Today",GoogleNews-Free Malaysia Today,independent_left,"Thu, 23 Jul 2026 07:00:00 GMT",False,True,False,0.0,0.0,0.0,0.0,0.0,0.0,0.0,0.0,0.0,"Jalaluddin a likely candidate for Negeri Sembilan MB, says Hamzah - Free Malaysia Today"
"Siapa lebih Islami, MCA atau DAP? - Free Malaysia Today",GoogleNews-Free Malaysia Today,independent_left,"Thu, 23 Jul 2026 07:00:00 GMT",False,False,False,0.0,0.0,0.0,0.0,0.0,0.0,0.0,0.0,0.0,"Siapa lebih Islami, MCA atau DAP? - Free Malaysia Today"
"Jalaluddin denies planning to oust Negeri Sembilan MB, remove ruler - Free Malaysia Today",GoogleNews-Free Malaysia Today,independent_left,"Thu, 06 Aug 2026 10:28:00 GMT",False,True,False,0.0,0.0,0.0,0.0,0.0,0.0,0.0,0.0,0.0,"Jalaluddin denies planning to oust Negeri Sembilan MB, remove ruler - Free Malaysia Today"
DAP bawa pengajaran PRN Johor ke Negeri Sembilan - Free Malaysia Today,GoogleNews-Free Malaysia Today,independent_left,"Tue, 14 Jul 2026 07:00:00 GMT",True,True,False,0.0,0.0,0.0,0.0,0.0,0.0,0.0,0.0,0.0,DAP bawa pengajaran PRN Johor ke Negeri Sembilan - Free Malaysia Today
"Gelombang biru sepi ketika kempen, menyerlah di peti undi - Free Malaysia Today",GoogleNews-Free Malaysia Today,independent_left,"Wed, 15 Jul 2026 07:00:00 GMT",False,False,False,0.0,0.0,0.0,0.0,0.0,0.0,0.0,0.0,0.0,"Gelombang biru sepi ketika kempen, menyerlah di peti undi - Free Malaysia Today"
Johor PRN (Unofficial): PH announces eight seats won as of 9.50 pm - The Vibes,GoogleNews-The Vibes,unknown,"Sat, 11 Jul 2026 07:00:00 GMT",True,False,False,0.0,0.0,0.0,0.0,0.0,0.0,0.0,0.0,0.0,Johor PRN (Unofficial): PH announces eight seats won as of 9.50 pm - The Vibes
Bribery In Elections Must Be Rejected - Ahmad Zahid - Bernama,GoogleNews-Bernama,government_official,"Wed, 29 Jul 2026 12:04:00 GMT",False,False,False,0.5,-0.5,0.5,0.0,0.0,0.5,0.0,0.5,0.0,Bribery In Elections Must Be Rejected - Ahmad Zahid - Bernama
BN win in Johor won’t necessarily trigger national resurgence - Free Malaysia Today,GoogleNews-Free Malaysia Today,independent_left,"Tue, 07 Jul 2026 07:00:00 GMT",True,False,False,0.0,-1.0,0.0,0.0,0.0,0.0,0.0,0.0,0.0,BN win in Johor won’t necessarily trigger national resurgence - Free Malaysia Today
"Tomorrow declared public holiday in Negeri Sembilan, says MB - Borneo Post",GoogleNews-Borneo Post,unknown,"Sun, 02 Aug 2026 09:05:44 GMT",False,True,False,0.5,-0.5,0.5,0.5,0.5,0.5,0.0,0.0,0.0,"Tomorrow declared public holiday in Negeri Sembilan, says MB - Borneo Post"
"Six surveys, six different results: Anwar tells Pakatan to focus on campaigning in Negeri Sembilan, not predictions - Malay Mail",GoogleNews-Malay Mail,centrist,"Fri, 31 Jul 2026 07:00:00 GMT",False,True,False,0.0,0.0,0.0,0.0,0.0,0.0,0.0,0.0,0.0,"Six surveys, six different results: Anwar tells Pakatan to focus on campaigning in Negeri Sembilan, not predictions - Malay Mail"
"Call for removal of Sabah BN chief Kurup could backfire, analyst warns - Free Malaysia Today",GoogleNews-Free Malaysia Today,independent_left,"Wed, 05 Aug 2026 02:00:00 GMT",False,False,False,0.0,0.0,0.0,0.0,0.0,0.0,0.0,0.0,0.0,"Call for removal of Sabah BN chief Kurup could backfire, analyst warns - Free Malaysia Today"
PRN Johor: (Unofficial) PH races ahead in closely watched Skudai as unofficial results come in - The Vibes,GoogleNews-The Vibes,unknown,"Sat, 11 Jul 2026 07:00:00 GMT",True,False,False,0.0,0.0,0.0,0.0,0.0,0.0,0.0,0.0,0.0,PRN Johor: (Unofficial) PH races ahead in closely watched Skudai as unofficial results come in - The Vibes
"Extra KTM ETS trains for Negeri Sembilan state elections this weekend - JB Sentral-Seremban, KL Sentral to JB - Paul Tan's Automotive News",GoogleNews-Paul Tan's Automotive News,unknown,"Mon, 27 Jul 2026 07:00:00 GMT",True,True,False,0.0,0.0,0.0,0.0,0.0,0.0,0.0,0.0,0.0,"Extra KTM ETS trains for Negeri Sembilan state elections this weekend - JB Sentral-Seremban, KL Sentral to JB - Paul Tan's Automotive News"
"No immediate need for Loke to resign as Negeri Sembilan chief, says Chow - Free Malaysia Today",GoogleNews-Free Malaysia Today,independent_left,"Sat, 01 Aug 2026 14:56:00 GMT",False,True,False,0.0,0.0,0.0,0.0,0.0,0.0,0.0,0.0,0.0,"No immediate need for Loke to resign as Negeri Sembilan chief, says Chow - Free Malaysia Today"
"MCA, MIC benefit when Umno is strong, says analyst - Free Malaysia Today",GoogleNews-Free Malaysia Today,independent_left,"Tue, 04 Aug 2026 14:30:00 GMT",False,False,False,0.0,-1.0,0.0,0.0,0.0,0.0,0.0,0.0,0.0,"MCA, MIC benefit when Umno is strong, says analyst - Free Malaysia Today"
PRN Johor: (Unofficial) PH close to victory in 8 seats - The Vibes,GoogleNews-The Vibes,unknown,"Sat, 11 Jul 2026 07:00:00 GMT",True,False,False,0.0,1.0,-1.0,0.0,0.0,0.0,0.0,0.0,0.0,PRN Johor: (Unofficial) PH close to victory in 8 seats - The Vibes
PRN Johor: (Unofficial) Maszlee leads in Puteri Wangsa - The Vibes,GoogleNews-The Vibes,unknown,"Sat, 11 Jul 2026 07:00:00 GMT",True,False,False,1.0,1.0,1.0,1.0,1.0,1.0,1.0,1.0,0.0,PRN Johor: (Unofficial) Maszlee leads in Puteri Wangsa - The Vibes
"BN-PN ‘cooperation’ a stab in the back, says Amanah leader - The Vibes",GoogleNews-The Vibes,unknown,"Mon, 03 Aug 2026 04:53:00 GMT",False,False,False,-1.0,0.0,-1.0,0.5,0.0,1.0,0.0,0.0,0.0,"BN-PN ‘cooperation’ a stab in the back, says Amanah leader - The Vibes"
PRN Johor: (Unofficial) Datuk Onn Hafiz Ghazi wins in Machap - The Vibes,GoogleNews-The Vibes,unknown,"Sat, 11 Jul 2026 07:00:00 GMT",True,False,False,0.0,0.0,0.0,0.0,0.0,0.0,0.0,0.0,0.0,PRN Johor: (Unofficial) Datuk Onn Hafiz Ghazi wins in Machap - The Vibes
Kuala Pilah PKR slams ‘saboteur’ claims after ‘defamatory’ banners - Free Malaysia Today,GoogleNews-Free Malaysia Today,independent_left,"Fri, 31 Jul 2026 07:00:00 GMT",False,False,False,0.0,0.0,0.0,0.0,0.0,0.0,0.0,0.0,0.0,Kuala Pilah PKR slams ‘saboteur’ claims after ‘defamatory’ banners - Free Malaysia Today
Cops probing Labu candidate over alleged voter bribery - Free Malaysia Today,GoogleNews-Free Malaysia Today,independent_left,"Thu, 30 Jul 2026 07:00:00 GMT",False,False,False,0.0,0.0,-1.0,0.0,0.0,0.0,0.0,0.0,0.0,Cops probing Labu candidate over alleged voter bribery - Free Malaysia Today
"Pengundi muda PN tak sedar PAS Bersatu berbalah, kata Ilham Centre - Free Malaysia Today",GoogleNews-Free Malaysia Today,independent_left,"Fri, 07 Aug 2026 00:09:12 GMT",False,False,False,0.0,0.0,-1.0,0.0,0.0,0.0,0.0,0.0,0.0,"Pengundi muda PN tak sedar PAS Bersatu berbalah, kata Ilham Centre - Free Malaysia Today"
Gerakan eyes 4 seats in Negeri Sembilan - Free Malaysia Today,GoogleNews-Free Malaysia Today,independent_left,"Fri, 03 Jul 2026 07:00:00 GMT",False,True,False,0.0,0.0,0.0,0.0,0.0,0.0,0.0,0.0,0.0,Gerakan eyes 4 seats in Negeri Sembilan - Free Malaysia Today
"BN leaves 11 Negeri Sembilan state seats open, as Tok Mat cites talks with ‘trusted friend’ - Malay Mail",GoogleNews-Malay Mail,centrist,"Thu, 16 Jul 2026 07:00:00 GMT",False,True,False,0.0,0.0,0.0,0.0,0.0,0.0,0.0,0.0,0.0,"BN leaves 11 Negeri Sembilan state seats open, as Tok Mat cites talks with ‘trusted friend’ - Malay Mail"
Negeri Sembilan’s record investment pipeline faces execution test at Aug 1 poll - The Business Times,GoogleNews-The Business Times,unknown,"Tue, 28 Jul 2026 07:00:00 GMT",False,True,False,0.0,0.0,0.0,0.0,0.0,0.0,0.0,0.0,0.0,Negeri Sembilan’s record investment pipeline faces execution test at Aug 1 poll - The Business Times
"The Night Before Negeri Sembilan Voted, BN Was Already Open To Its Next Deal With PN - TRP | The Rakyat Post",GoogleNews-TRP | The Rakyat Post,unknown,"Fri, 31 Jul 2026 07:00:00 GMT",False,True,False,0.0,0.0,0.0,0.0,0.0,0.0,0.0,0.0,0.0,"The Night Before Negeri Sembilan Voted, BN Was Already Open To Its Next Deal With PN - TRP | The Rakyat Post"
"BN to finalise Johor, Negeri Sembilan seat allocations next week - Sinar Daily",GoogleNews-Sinar Daily,mainstream_malay,"Sat, 11 Jul 2026 07:00:00 GMT",True,True,False,0.5,-0.5,0.5,0.0,0.0,0.5,0.0,0.0,0.0,"BN to finalise Johor, Negeri Sembilan seat allocations next week - Sinar Daily"
"Bersatu won’t back down from PAS clashes in Negeri Sembilan if Perikatan seat talks fail, says Muhyiddin - Malay Mail",GoogleNews-Malay Mail,centrist,"Thu, 16 Jul 2026 07:00:00 GMT",False,True,False,0.0,-1.0,0.0,0.5,0.5,0.5,0.0,0.0,0.0,"Bersatu won’t back down from PAS clashes in Negeri Sembilan if Perikatan seat talks fail, says Muhyiddin - Malay Mail"
Wawasan eyeing fewer than 10 seats in Negeri Sembilan polls - Free Malaysia Today,GoogleNews-Free Malaysia Today,independent_left,"Thu, 16 Jul 2026 07:00:00 GMT",False,True,False,0.0,0.0,0.0,0.0,0.0,0.0,0.0,0.0,0.0,Wawasan eyeing fewer than 10 seats in Negeri Sembilan polls - Free Malaysia Today
Negeri Sembilan faces prospect of greater influence under Hadi rather than immediate PAS takeover — Phar Kim Beng - Malay Mail,GoogleNews-Malay Mail,centrist,"Fri, 17 Jul 2026 07:00:00 GMT",False,True,False,0.0,-1.0,1.0,0.0,0.0,1.0,0.0,0.0,0.0,Negeri Sembilan faces prospect of greater influence under Hadi rather than immediate PAS takeover — Phar Kim Beng - Malay Mail
"PH losing in Negeri Sembilan could affect unity govt’s survival, says Loke - Free Malaysia Today",GoogleNews-Free Malaysia Today,independent_left,"Wed, 29 Jul 2026 07:00:00 GMT",False,True,False,-1.0,0.0,-1.0,0.0,0.0,0.0,0.0,0.0,0.0,"PH losing in Negeri Sembilan could affect unity govt’s survival, says Loke - Free Malaysia Today"
Umno warns against ‘third parties’ disrupting alliances - Free Malaysia Today,GoogleNews-Free Malaysia Today,independent_left,"Sat, 08 Aug 2026 08:20:00 GMT",False,False,False,0.5,-0.5,0.5,0.0,0.0,0.5,0.0,0.0,0.0,Umno warns against ‘third parties’ disrupting alliances - Free Malaysia Today
"BN open to Melaka seat talks and swaps, says Zahid - Free Malaysia Today",GoogleNews-Free Malaysia Today,independent_left,"Sat, 08 Aug 2026 12:38:00 GMT",False,False,True,0.5,-1.0,0.5,0.0,0.0,0.5,0.0,0.0,0.0,"BN open to Melaka seat talks and swaps, says Zahid - Free Malaysia Today"
"State your stance on PAS-BN cooperation in Negeri Sembilan polls, Loke tells MCA, MIC - Free Malaysia Today",GoogleNews-Free Malaysia Today,independent_left,"Mon, 13 Jul 2026 07:00:00 GMT",False,True,False,0.0,0.0,0.0,0.0,0.0,0.0,0.0,0.0,0.0,"State your stance on PAS-BN cooperation in Negeri Sembilan polls, Loke tells MCA, MIC - Free Malaysia Today"
"Impossible for PN to fulfil Bersatu’s Negeri Sembilan demands, says Annuar - Free Malaysia Today",GoogleNews-Free Malaysia Today,independent_left,"Thu, 16 Jul 2026 07:00:00 GMT",False,True,False,0.0,0.0,-1.0,0.0,0.0,0.0,0.0,0.0,0.0,"Impossible for PN to fulfil Bersatu’s Negeri Sembilan demands, says Annuar - Free Malaysia Today"
Muhyiddin fires back at Annuar over Bersatu PN exit claim - Free Malaysia Today,GoogleNews-Free Malaysia Today,independent_left,"Fri, 17 Jul 2026 07:00:00 GMT",False,False,False,0.0,0.0,-1.0,0.0,0.0,0.0,0.0,0.0,0.0,Muhyiddin fires back at Annuar over Bersatu PN exit claim - Free Malaysia Today
What BN-PN Must Do In PAS-Led States To Keep The Alliance Intact - TRP | The Rakyat Post,GoogleNews-TRP | The Rakyat Post,unknown,"Wed, 05 Aug 2026 09:35:34 GMT",False,False,False,0.0,-1.0,0.5,0.0,0.0,0.5,0.0,0.0,0.0,What BN-PN Must Do In PAS-Led States To Keep The Alliance Intact - TRP | The Rakyat Post
"PAS accepts Umno lead, declaring Malay‑Muslim leadership must drive Negeri Sembilan government - Malay Mail",GoogleNews-Malay Mail,centrist,"Mon, 13 Jul 2026 07:00:00 GMT",False,True,False,0.0,-1.0,1.0,1.0,1.0,1.0,0.0,0.0,0.0,"PAS accepts Umno lead, declaring Malay‑Muslim leadership must drive Negeri Sembilan government - Malay Mail"
"Bersatu to use own logo in Negeri Sembilan polls, says Muhyiddin - The Edge Malaysia",GoogleNews-The Edge Malaysia,business_neutral,"Thu, 16 Jul 2026 07:00:00 GMT",False,True,False,0.0,-1.0,0.0,0.0,0.0,0.0,0.0,0.0,0.0,"Bersatu to use own logo in Negeri Sembilan polls, says Muhyiddin - The Edge Malaysia"
Bersatu's decision to use own logo signals voluntary split from PN in NS polls - Annuar Musa | Malaysia - The Vibes,GoogleNews-The Vibes,unknown,"Thu, 16 Jul 2026 07:00:00 GMT",False,False,False,0.0,0.0,-1.0,0.0,0.0,0.0,0.0,0.0,0.0,Bersatu's decision to use own logo signals voluntary split from PN in NS polls - Annuar Musa | Malaysia - The Vibes
Hamzah calls for give-and-take in Melaka seat talks - Free Malaysia Today,GoogleNews-Free Malaysia Today,independent_left,"Sat, 08 Aug 2026 05:49:32 GMT",False,False,True,0.0,0.0,0.0,0.0,0.0,0.0,0.0,0.0,0.0,Hamzah calls for give-and-take in Melaka seat talks - Free Malaysia Today
Can BN and PN strike a deal before the ‘blue wave’ crashes? - Focus Malaysia,GoogleNews-Focus Malaysia,unknown,"Sat, 08 Aug 2026 03:17:13 GMT",False,False,False,0.5,-0.5,0.5,0.5,0.5,0.5,0.5,0.0,0.0,Can BN and PN strike a deal before the ‘blue wave’ crashes? - Focus Malaysia
Pas-BN in Negeri Sembilan: Strategic alliance or political manoeuvre? - Sinar Daily,GoogleNews-Sinar Daily,mainstream_malay,"Tue, 14 Jul 2026 07:00:00 GMT",False,True,False,0.5,-0.5,0.8,0.5,0.2,0.8,0.3,0.2,0.1,Pas-BN in Negeri Sembilan: Strategic alliance or political manoeuvre? - Sinar Daily
"BN keeping solo option open in Melaka, says analyst - Free Malaysia Today",GoogleNews-Free Malaysia Today,independent_left,"Tue, 04 Aug 2026 02:00:00 GMT",False,False,True,0.5,-0.5,0.5,0.0,0.0,0.5,0.0,0.0,0.0,"BN keeping solo option open in Melaka, says analyst - Free Malaysia Today"
"I’m prepared to negotiate with any party for state polls, says Melaka CM - Free Malaysia Today",GoogleNews-Free Malaysia Today,independent_left,"Sun, 02 Aug 2026 06:46:00 GMT",False,False,True,0.0,0.0,0.0,0.0,0.0,0.0,0.0,0.0,0.0,"I’m prepared to negotiate with any party for state polls, says Melaka CM - Free Malaysia Today"
"Talks with BN on Melaka seats ongoing, says Hadi - Free Malaysia Today",GoogleNews-Free Malaysia Today,independent_left,"Fri, 07 Aug 2026 08:59:00 GMT",False,False,True,0.0,0.0,0.5,0.0,0.0,0.5,0.0,0.0,0.0,"Talks with BN on Melaka seats ongoing, says Hadi - Free Malaysia Today"
"Melaka seat talks crucial for BN-PN pact, says analyst - Free Malaysia Today",GoogleNews-Free Malaysia Today,independent_left,"Sun, 09 Aug 2026 00:30:00 GMT",False,False,True,0.8,-0.6,0.9,0.3,0.2,0.8,0.4,0.6,0.2,"Melaka seat talks crucial for BN-PN pact, says analyst - Free Malaysia Today"
"PAS acting like bullies towards Bersatu, says Muhyiddin’s ex-aide - Free Malaysia Today",GoogleNews-Free Malaysia Today,independent_left,"Fri, 17 Jul 2026 07:00:00 GMT",False,False,False,0.0,0.0,-1.0,0.0,0.0,0.0,0.0,0.0,0.0,"PAS acting like bullies towards Bersatu, says Muhyiddin’s ex-aide - Free Malaysia Today"
Melaka set to test BN-PN alliance as analysts predict coalition can retain dominance - scoop.my,GoogleNews-scoop.my,unknown,"Fri, 07 Aug 2026 04:01:18 GMT",False,False,True,0.8,-0.8,0.8,0.0,0.0,0.8,0.0,0.0,0.4,Melaka set to test BN-PN alliance as analysts predict coalition can retain dominance - scoop.my
PH ready to face possible BN-PN cooperation in Negeri Sembilan polls — Loke - The Edge Malaysia,GoogleNews-The Edge Malaysia,business_neutral,"Thu, 16 Jul 2026 07:00:00 GMT",False,True,False,0.0,1.0,-1.0,0.0,0.0,0.5,0.0,0.0,0.5,PH ready to face possible BN-PN cooperation in Negeri Sembilan polls — Loke - The Edge Malaysia
PH in touch with BN on seat talks for Melaka polls - Free Malaysia Today,GoogleNews-Free Malaysia Today,independent_left,"Sun, 09 Aug 2026 04:45:00 GMT",False,False,True,0.5,0.5,0.0,0.0,0.0,0.0,0.0,0.0,0.0,PH in touch with BN on seat talks for Melaka polls - Free Malaysia Today
"Muhyiddin: Perikatan has shut Bersatu out, Umno alliance ‘not genuine Malay unity’ - Malay Mail",GoogleNews-Malay Mail,centrist,"Fri, 17 Jul 2026 07:00:00 GMT",False,False,False,-0.5,0.0,-1.0,0.5,0.0,0.0,0.0,0.0,0.0,"Muhyiddin: Perikatan has shut Bersatu out, Umno alliance ‘not genuine Malay unity’ - Malay Mail"
"PN’s young voters unaware of PAS-Bersatu feud, says think tank - Free Malaysia Today",GoogleNews-Free Malaysia Today,independent_left,"Thu, 06 Aug 2026 14:30:00 GMT",False,False,False,0.0,0.0,-0.5,0.5,0.5,0.5,0.5,0.0,0.0,"PN’s young voters unaware of PAS-Bersatu feud, says think tank - Free Malaysia Today"
Is there room left for PN if BN defends all 21 Melaka seats? - Sinar Daily,GoogleNews-Sinar Daily,mainstream_malay,"Fri, 07 Aug 2026 02:56:00 GMT",False,False,True,0.0,0.0,-1.0,0.0,0.0,0.0,0.0,0.0,0.0,Is there room left for PN if BN defends all 21 Melaka seats? - Sinar Daily
"Felda seats could force Umno-PAS talks, says Puad - Free Malaysia Today",GoogleNews-Free Malaysia Today,independent_left,"Wed, 15 Jul 2026 07:00:00 GMT",False,False,False,0.0,-1.0,0.5,0.5,0.0,0.5,0.0,0.0,0.0,"Felda seats could force Umno-PAS talks, says Puad - Free Malaysia Today"
Tun Faisal Blames BN-PN Seat Breakdown For Three-Cornered Sikamat Fight - BusinessToday Malaysia,GoogleNews-BusinessToday Malaysia,unknown,"Fri, 31 Jul 2026 07:00:00 GMT",False,False,False,0.0,0.0,-1.0,0.0,0.0,0.5,0.0,0.0,0.0,Tun Faisal Blames BN-PN Seat Breakdown For Three-Cornered Sikamat Fight - BusinessToday Malaysia
"Where’s BN-PN’s ‘Malay unity’ rhetoric for Melaka, mocks Puad - Free Malaysia Today",GoogleNews-Free Malaysia Today,independent_left,"Sat, 08 Aug 2026 06:00:00 GMT",False,False,True,-1.0,0.0,-1.0,1.0,0.0,0.0,0.0,0.0,0.0,"Where’s BN-PN’s ‘Malay unity’ rhetoric for Melaka, mocks Puad - Free Malaysia Today"
Melaka BN opens door to 'BN Plus' talks after Negeri Sembilan poll success - Newswav,GoogleNews-Newswav,unknown,"Sun, 02 Aug 2026 09:24:00 GMT",False,True,True,0.5,-0.5,0.8,0.0,0.0,0.8,0.0,0.0,0.5,Melaka BN opens door to 'BN Plus' talks after Negeri Sembilan poll success - Newswav
"After Negeri Sembilan success, BN Melaka opens door to wider cooperation ahead of state polls - Newswav",GoogleNews-Newswav,unknown,"Sun, 02 Aug 2026 06:04:57 GMT",False,True,True,0.8,-0.7,0.9,0.0,0.0,0.8,0.0,0.0,0.0,"After Negeri Sembilan success, BN Melaka opens door to wider cooperation ahead of state polls - Newswav"
Open to negotiations: Melaka MB says willing to discuss cooperation with any party for the coming state polls - Newswav,GoogleNews-Newswav,unknown,"Sun, 02 Aug 2026 07:16:44 GMT",False,False,True,0.0,0.0,0.0,0.0,0.0,0.0,0.0,0.0,0.0,Open to negotiations: Melaka MB says willing to discuss cooperation with any party for the coming state polls - Newswav
"Pakatan hails BN openness, Fahmi says Melaka seat talks offer chance for stability - Newswav",GoogleNews-Newswav,unknown,"Sun, 09 Aug 2026 04:18:04 GMT",False,False,True,0.5,0.8,-0.2,0.0,0.0,0.0,0.0,0.0,0.8,"Pakatan hails BN openness, Fahmi says Melaka seat talks offer chance for stability - Newswav"
Can Malaysia’s PAS deliver the votes in Negeri Sembilan despite Johor wipeout? - South China Morning Post,GoogleNews-South China Morning Post,unknown,"Thu, 16 Jul 2026 07:00:00 GMT",True,True,False,0.0,-0.5,0.5,0.5,0.5,0.5,0.5,0.0,0.0,Can Malaysia’s PAS deliver the votes in Negeri Sembilan despite Johor wipeout? - South China Morning Post
"N Sembilan polls: PAS in talks with Umno, can Johor results be replicated? - Malaysiakini",GoogleNews-Malaysiakini,independent_left,"Mon, 13 Jul 2026 07:00:00 GMT",True,False,False,0.0,-1.0,0.0,0.0,0.0,0.0,0.0,0.0,0.0,"N Sembilan polls: PAS in talks with Umno, can Johor results be replicated? - Malaysiakini"
Is Bersatu running out of reasons to exist? - Sinar Daily,GoogleNews-Sinar Daily,mainstream_malay,"Sun, 02 Aug 2026 23:00:00 GMT",False,False,False,0.0,0.0,0.0,0.0,0.0,0.0,0.0,0.0,0.0,Is Bersatu running out of reasons to exist? - Sinar Daily
BN-PN pact? Zahid mum on Umno seats in N Sembilan; Bersatu left hanging by PAS - Malaysiakini,GoogleNews-Malaysiakini,independent_left,"Wed, 15 Jul 2026 07:00:00 GMT",False,False,False,0.0,-1.0,0.0,0.5,0.0,0.5,0.0,0.0,0.0,BN-PN pact? Zahid mum on Umno seats in N Sembilan; Bersatu left hanging by PAS - Malaysiakini
Key seats to watch as ‘frenemies’ battle for control - The Edge Malaysia,GoogleNews-The Edge Malaysia,business_neutral,"Tue, 28 Jul 2026 07:00:00 GMT",False,False,False,0.0,0.0,0.0,0.0,0.0,0.0,0.0,0.0,0.0,Key seats to watch as ‘frenemies’ battle for control - The Edge Malaysia
"PAS forced to work with Umno to unite the Malays, says Hadi - Free Malaysia Today",GoogleNews-Free Malaysia Today,independent_left,"Tue, 21 Jul 2026 07:00:00 GMT",False,False,False,0.0,-1.0,1.0,0.0,0.0,1.0,0.0,0.0,0.0,"PAS forced to work with Umno to unite the Malays, says Hadi - Free Malaysia Today"
"Umno-PAS clash can be delayed, not avoided, says analyst - Free Malaysia Today",GoogleNews-Free Malaysia Today,independent_left,"Mon, 27 Jul 2026 07:00:00 GMT",False,False,False,0.0,0.0,-1.0,0.5,0.0,0.0,0.0,0.0,0.0,"Umno-PAS clash can be delayed, not avoided, says analyst - Free Malaysia Today"
Bersatu leader challenges Umno to pull support for Selangor govt - Free Malaysia Today,GoogleNews-Free Malaysia Today,independent_left,"Wed, 29 Jul 2026 07:00:00 GMT",False,False,False,0.0,0.5,-0.5,0.0,0.0,0.0,0.0,0.0,0.0,Bersatu leader challenges Umno to pull support for Selangor govt - Free Malaysia Today
"Puad claims Zahid is ‘PM in waiting’, Umno-PAS share short-term goal - The Edge Malaysia",GoogleNews-The Edge Malaysia,business_neutral,"Thu, 16 Jul 2026 07:00:00 GMT",False,False,False,0.8,-0.8,0.8,0.0,0.0,0.8,0.0,0.0,0.0,"Puad claims Zahid is ‘PM in waiting’, Umno-PAS share short-term goal - The Edge Malaysia"
Hadi reveals why PN let Umno lead in Johor race - Free Malaysia Today,GoogleNews-Free Malaysia Today,independent_left,"Thu, 30 Jul 2026 07:00:00 GMT",True,False,False,0.0,0.0,0.0,0.0,0.0,1.0,0.0,0.0,0.0,Hadi reveals why PN let Umno lead in Johor race - Free Malaysia Today
Muhyiddin predicts Umno-PAS clash in northern states - Free Malaysia Today,GoogleNews-Free Malaysia Today,independent_left,"Sat, 25 Jul 2026 07:00:00 GMT",False,False,False,0.0,0.0,-1.0,1.0,1.0,1.0,0.0,0.0,0.0,Muhyiddin predicts Umno-PAS clash in northern states - Free Malaysia Today
Johor polls result raises stakes for Anwar in upcoming Negeri Sembilan election - CNA,GoogleNews-CNA,unknown,"Thu, 16 Jul 2026 07:00:00 GMT",True,True,False,0.0,0.5,-0.5,0.0,0.0,0.5,0.0,0.0,0.0,Johor polls result raises stakes for Anwar in upcoming Negeri Sembilan election - CNA
"Bersatu here to stay, says Azmin - Free Malaysia Today",GoogleNews-Free Malaysia Today,independent_left,"Mon, 27 Jul 2026 07:00:00 GMT",False,False,False,0.0,-1.0,1.0,0.0,0.0,1.0,0.0,0.0,0.0,"Bersatu here to stay, says Azmin - Free Malaysia Today"
Khaled urges voters to ensure repeat of Bersatu’s Johor wipeout in NS - Free Malaysia Today,GoogleNews-Free Malaysia Today,independent_left,"Mon, 20 Jul 2026 07:00:00 GMT",True,False,False,0.0,0.0,0.0,0.0,0.0,0.0,0.0,0.0,0.0,Khaled urges voters to ensure repeat of Bersatu’s Johor wipeout in NS - Free Malaysia Today
"Sincerity, vision key to lasting PAS-Umno pact, says Tuan Ibrahim - Free Malaysia Today",GoogleNews-Free Malaysia Today,independent_left,"Sun, 26 Jul 2026 07:00:00 GMT",False,False,False,0.0,-1.0,1.0,0.0,0.0,1.0,0.0,0.0,0.0,"Sincerity, vision key to lasting PAS-Umno pact, says Tuan Ibrahim - Free Malaysia Today"
Muhyiddin slams Khaled for saying Bersatu ‘meddling’ in election - Free Malaysia Today,GoogleNews-Free Malaysia Today,independent_left,"Thu, 23 Jul 2026 07:00:00 GMT",False,False,False,0.0,-1.0,-1.0,0.0,0.0,1.0,0.0,0.0,0.0,Muhyiddin slams Khaled for saying Bersatu ‘meddling’ in election - Free Malaysia Today
Will PAS be as generous with seats in Melaka? - Free Malaysia Today,GoogleNews-Free Malaysia Today,independent_left,"Tue, 04 Aug 2026 05:37:00 GMT",False,False,True,0.0,0.0,0.0,0.0,0.0,0.0,0.0,0.0,0.0,Will PAS be as generous with seats in Melaka? - Free Malaysia Today
Malaysia Edition: Anwar finally enters the fray in Negeri Sembilan - The Straits Times,GoogleNews-The Straits Times,unknown,"Thu, 23 Jul 2026 07:00:00 GMT",False,True,False,0.0,0.5,-0.5,0.0,0.0,0.0,0.5,0.5,0.0,Malaysia Edition: Anwar finally enters the fray in Negeri Sembilan - The Straits Times
"Umno, PAS youth wings hope alliance will extend to GE16 - Free Malaysia Today",GoogleNews-Free Malaysia Today,independent_left,"Sat, 25 Jul 2026 07:00:00 GMT",False,False,False,0.0,-1.0,1.0,0.0,0.0,1.0,0.0,0.0,0.0,"Umno, PAS youth wings hope alliance will extend to GE16 - Free Malaysia Today"
Noh Omar hopes BN-PN formula sparks ‘blue wave’ in Selangor - Free Malaysia Today,GoogleNews-Free Malaysia Today,independent_left,"Mon, 20 Jul 2026 07:00:00 GMT",False,False,False,0.5,-0.5,0.5,0.0,0.0,0.5,0.0,0.0,0.0,Noh Omar hopes BN-PN formula sparks ‘blue wave’ in Selangor - Free Malaysia Today
"Onn Hafiz factor and PAS backing led to BN victory, say analysts - Free Malaysia Today",GoogleNews-Free Malaysia Today,independent_left,"Sat, 11 Jul 2026 07:00:00 GMT",False,False,False,0.8,-0.8,0.8,0.8,0.8,1.0,0.0,0.0,0.0,"Onn Hafiz factor and PAS backing led to BN victory, say analysts - Free Malaysia Today"
"If DAP exits the government, what next? - MySinchew",GoogleNews-MySinchew,unknown,"Sat, 08 Aug 2026 13:08:41 GMT",False,False,False,0.0,0.0,0.0,0.0,0.0,0.0,0.0,0.0,0.0,"If DAP exits the government, what next? - MySinchew"
Negeri Sembilan votes today: 10 seats to watch in pivotal state election - Yahoo,GoogleNews-Yahoo,unknown,"Fri, 31 Jul 2026 07:00:00 GMT",False,True,False,0.5,0.3,0.7,0.8,0.9,0.0,0.0,0.0,0.0,Negeri Sembilan votes today: 10 seats to watch in pivotal state election - Yahoo
Is Bersatu running out of reasons to exist? - Newswav,GoogleNews-Newswav,unknown,"Sun, 02 Aug 2026 23:00:00 GMT",False,False,False,0.0,0.0,0.0,0.0,0.0,0.0,0.0,0.0,0.0,Is Bersatu running out of reasons to exist? - Newswav
"No seats, no allies: Bersatu faces bleak future after Negeri Sembilan rout - Newswav",GoogleNews-Newswav,unknown,"Sun, 02 Aug 2026 00:45:00 GMT",False,True,False,-1.0,0.0,-1.0,1.0,1.0,1.0,0.0,0.0,0.0,"No seats, no allies: Bersatu faces bleak future after Negeri Sembilan rout - Newswav"
"""Bersatu will be buried"" warns MP as Terengganu chief quits - Newswav",GoogleNews-Newswav,unknown,"Fri, 07 Aug 2026 07:51:00 GMT",False,False,False,-1.0,0.5,-1.0,0.5,0.5,0.5,0.0,0.0,0.0,"""Bersatu will be buried"" warns MP as Terengganu chief quits - Newswav"
