seat_name,winner_2023,ph_share_2008,ph_share_2013,ph_share_2018,ph_share_recent,weighted_avg_share,trend,native_model_prob,loyalty_score,volatility,harapan_holds_probability,is_ood,malay_pct,chinese_pct,indian_pct,vulnerability
N.01 Sungai Air Tawar,BN,,,,,0.5,0.0,0.093,0.193,0.0,0.14322515442508363,False,0.843,0.122,0.027,🔴 SAFE OPPOSITION
N.02 Sabak,PN,,51.081711218348424,34.87884086934799,,0.414,-0.162,0.075,0.043,0.081,0.05890169858561728,False,0.795,0.136,0.062,🔴 SAFE OPPOSITION
N.03 Sungai Panjang,PN,,,,,0.5,0.0,0.054,0.204,0.0,0.12888198312159238,False,0.813,0.161,0.016,🔴 SAFE OPPOSITION
N.04 Sekinchan,PH,50.894875659382066,58.01073345259392,51.61819733473381,62.21573634926426,0.571,0.113,0.95,0.468,0.047,0.7086899936035157,False,0.439,0.517,0.029,🟢 LIKELY HARAPAN
N.05 Hulu Bernam,PN,,,,,0.5,0.0,0.056,0.245,0.0,0.15051943846880927,False,0.701,0.149,0.131,🔴 SAFE OPPOSITION
N.06 Kuala Kubu Baharu,PH,,53.46394895827452,57.85262985148108,54.40368987480782,0.553,0.009,0.98,0.39,0.019,0.6849405887302897,False,0.461,0.309,0.181,🟢 LIKELY HARAPAN
N.07 Batang Kali,PN,,,51.07553658247361,,0.511,0.0,0.067,0.261,0.0,0.16359759849819883,False,0.687,0.13,0.142,🔴 SAFE OPPOSITION
N.08 Sungai Burong,PN,,,,,0.5,0.0,0.058,0.197,0.0,0.12728597168448727,False,0.832,0.129,0.025,🔴 SAFE OPPOSITION
N.09 Permatang,PN,,,46.030793841231755,,0.46,0.0,0.339,0.231,0.0,0.2849443870974676,False,0.63,0.216,0.14,🟠 LIKELY OPPOSITION
N.10 Bukit Melawati,PN,51.616766467065865,,48.751433865701934,,0.495,-0.029,0.187,0.261,0.014,0.22413193351400257,False,0.602,0.155,0.22,🟠 LIKELY OPPOSITION
N.11 Ijok,PN,57.697241821680564,52.266176019625874,45.17534968578958,,0.496,-0.125,0.164,0.21,0.051,0.18717905252498251,False,0.614,0.133,0.244,🔴 SAFE OPPOSITION
N.12 Jeram,PN,,,40.944017563117455,,0.409,0.0,0.126,0.119,0.0,0.12264561785888875,False,0.798,0.069,0.121,🔴 SAFE OPPOSITION
N.13 Kuang,PN,,,43.6662822673645,,0.437,0.0,0.134,0.158,0.0,0.14594558880163344,False,0.766,0.101,0.085,🔴 SAFE OPPOSITION
N.14 Rawang,PH,59.99656081623294,66.81710646041856,76.91280339026582,74.35362010706557,0.722,0.144,0.98,0.679,0.066,0.829643045951401,False,0.314,0.39,0.259,🟢 SAFE HARAPAN
N.15 Taman Templer,PH,,58.22907322600444,50.181738678910115,49.66735131273442,0.517,-0.086,0.814,0.259,0.039,0.5367810024425927,False,0.591,0.221,0.147,⚪ TOSS-UP
N.16 Sungai Tua,PH,58.68407032498668,55.91546589817483,61.61180957762396,56.87118869396838,0.583,-0.018,0.711,0.365,0.022,0.5384057658679039,False,0.572,0.125,0.233,⚪ TOSS-UP
N.17 Gombak Setia,PN,55.38195112564941,52.110059498405846,51.367270562218245,,0.523,-0.04,0.086,0.257,0.017,0.1714479120648958,False,0.674,0.117,0.094,🔴 SAFE OPPOSITION
N.18 Hulu Kelang,PN,53.721141103438654,53.624902488739025,58.89376887180895,,0.563,0.052,0.103,0.29,0.025,0.19651921092027413,False,0.82,0.086,0.04,🔴 SAFE OPPOSITION
N.19 Bukit Antarabangsa,PH,53.12712286581224,56.98204419889503,79.64113537343061,65.85626845867397,0.669,0.127,0.916,0.563,0.102,0.739375822304965,False,0.467,0.41,0.072,🟢 LIKELY HARAPAN
N.20 Lembah Jaya,PH,53.959340346886556,60.4580262620928,59.60443750165479,57.27165817326538,0.583,0.033,0.921,0.392,0.025,0.6565071247149659,False,0.569,0.23,0.122,🟢 LIKELY HARAPAN
N.21 Pandan Indah,PH,52.182605798067314,63.11636542346967,60.82668033887546,59.95010967270225,0.601,0.078,0.931,0.438,0.041,0.6846115352515093,False,0.553,0.308,0.075,🟢 LIKELY HARAPAN
N.22 Teratai,PH,67.54481142311532,66.38324229967904,76.91431888199313,80.06590716505038,0.751,0.125,0.967,0.716,0.059,0.8416678759132161,False,0.268,0.615,0.082,🟢 SAFE HARAPAN
N.23 Dusun Tua,BN,,55.05701721696356,53.15602752446487,,0.539,-0.019,0.669,0.322,0.01,0.49517831054366146,False,0.572,0.285,0.075,⚪ TOSS-UP
N.24 Semenyih,PN,,,50.763797100821215,,0.508,0.0,0.084,0.257,0.0,0.17074902870517072,False,0.688,0.149,0.131,🔴 SAFE OPPOSITION
N.25 Kajang,PH,57.05161401691697,57.98986636641086,71.58830537989185,70.36147672552167,0.669,0.133,0.984,0.594,0.067,0.7887986688334547,False,0.391,0.433,0.144,🟢 LIKELY HARAPAN
N.26 Sungai Ramal,PN,60.97483161999291,62.7120828143121,51.31249478340706,,0.567,-0.097,0.064,0.241,0.05,0.15247095946685132,False,0.763,0.095,0.093,🔴 SAFE OPPOSITION
N.27 Balakong,PH,60.96,67.24834729545272,77.53192753192754,76.21469552925525,0.733,0.153,0.977,0.688,0.068,0.8324551830022258,False,0.333,0.553,0.092,🟢 SAFE HARAPAN
N.28 Seri Kembangan,PH,64.05062267507682,83.72334575670557,90.79454064391061,89.30395841303418,0.861,0.253,0.978,0.947,0.107,0.9624177038199426,False,0.111,0.787,0.089,🟢 SAFE HARAPAN
N.29 Seri Serdang,PH,,62.85212659949701,59.71123112531688,56.76590191794125,0.591,-0.061,0.939,0.358,0.025,0.6488630957758981,False,0.555,0.292,0.123,🟡 LEAN HARAPAN
N.30 Kinrara,PH,64.17667111308731,74.2898010777726,82.95515937331173,80.9699585439264,0.786,0.168,0.98,0.777,0.073,0.8787194371050624,False,0.253,0.53,0.195,🟢 SAFE HARAPAN
N.31 Subang Jaya,PH,70.94384129192247,76.64964016482159,88.33460998340354,81.25891823492987,0.814,0.103,0.983,0.765,0.064,0.8742681611859134,False,0.276,0.551,0.138,🟢 SAFE HARAPAN
N.32 Seri Setia,PH,55.769153266432916,57.12539347819443,66.61656190215905,58.36834797035328,0.603,0.026,0.943,0.427,0.042,0.68479845011343,False,0.521,0.204,0.237,🟢 LIKELY HARAPAN
N.33 Taman Medan,PN,57.59777876803894,54.58762062163459,57.78463831372758,,0.567,0.002,0.179,0.331,0.015,0.255133080231796,False,0.65,0.12,0.199,🟠 LIKELY OPPOSITION
N.34 Bukit Gasing,PH,69.44567040338954,78.54836914171213,86.9150856838429,85.86943295205646,0.831,0.164,0.98,0.852,0.07,0.916053781823295,False,0.168,0.626,0.171,🟢 SAFE HARAPAN
N.35 Kampung Tunku,PH,68.73502747897976,76.48128797554085,89.52739548169306,90.9274628152619,0.854,0.222,0.971,0.911,0.092,0.9408859605936761,False,0.149,0.727,0.1,🟢 SAFE HARAPAN
N.36 Bandar Utama,PH,74.47840272996677,84.21112039190012,90.47306945062148,85.24818142918271,0.855,0.108,0.972,0.854,0.058,0.9130505074036313,False,0.151,0.725,0.086,🟢 SAFE HARAPAN
N.37 Bukit Lanjan,PH,63.49829798376538,74.98837749883775,86.40138971825634,78.2861063464837,0.786,0.148,0.98,0.759,0.082,0.8694236955572641,False,0.277,0.582,0.108,🟢 SAFE HARAPAN
N.38 Paya Jaras,PN,,57.24786055546806,58.68325557283567,,0.581,0.014,0.125,0.347,0.007,0.2361877244055507,False,0.662,0.154,0.092,🟠 LIKELY OPPOSITION
N.39 Kota Damansara,PH,52.37653092806296,,61.1400161868424,53.7226367966241,0.563,0.013,0.825,0.351,0.039,0.5876972406353407,False,0.602,0.248,0.112,🟡 LEAN HARAPAN
N.40 Kota Anggerik,PH,53.75734389943981,54.534316270376905,58.818265159121665,55.96694647715205,0.563,0.022,0.55,0.31,0.019,0.4303217064551301,False,0.724,0.171,0.086,🟡 LEAN OPPOSITION
N.41 Batu Tiga,PH,56.330620802387976,54.73294417157405,58.242892967778644,51.30087902001625,0.546,-0.05,0.374,0.248,0.025,0.3110868681242952,False,0.748,0.075,0.156,🟠 LIKELY OPPOSITION
N.42 Meru,PH,61.419280003314135,62.93562818795772,52.04159792599575,52.45251472675312,0.553,-0.09,0.913,0.301,0.05,0.6074129593785649,False,0.569,0.169,0.247,🟡 LEAN HARAPAN
N.43 Sementa,PN,,60.8322026232474,46.79675222629649,,0.524,-0.14,0.074,0.183,0.07,0.12863723092332358,False,0.743,0.135,0.102,🔴 SAFE OPPOSITION
N.44 Selat Klang,PN,70.05612773145877,74.14492506084804,35.989671967607535,,0.544,-0.341,0.107,0.125,0.171,0.1162606026718267,True,0.738,0.152,0.068,🔴 SAFE OPPOSITION
N.45 Bandar Baru Klang,PH,53.40649077749241,54.38311688311688,89.80889173196866,87.04496788008565,0.78,0.336,0.974,0.872,0.173,0.9231296473421133,True,0.159,0.678,0.151,🟢 SAFE HARAPAN
N.46 Pelabuhan Klang,PH,59.12624600562789,54.378729378729375,55.951245363010074,56.39169414674361,0.561,-0.027,0.797,0.322,0.017,0.5594823606122308,False,0.619,0.181,0.165,🟡 LEAN HARAPAN
N.47 Pandamaran,PH,63.70329000812348,68.75316135558927,85.3223819301848,86.74763284667492,0.804,0.23,0.984,0.864,0.101,0.9235425507973984,False,0.153,0.594,0.226,🟢 SAFE HARAPAN
N.48 Sentosa,PH,69.72109366421434,76.36971136427681,85.61606902129955,83.53119358688002,0.813,0.138,0.984,0.828,0.063,0.9058875088133388,False,0.15,0.411,0.41,🟢 SAFE HARAPAN
N.49 Sungai Kandis,PN,66.8294131230825,64.43171355498721,55.59596895633035,,0.604,-0.112,0.083,0.297,0.048,0.19015505644153013,False,0.689,0.13,0.153,🔴 SAFE OPPOSITION
N.50 Kota Kemuning,PH,61.51059730250482,64.36264868408729,70.63309885227693,70.07524927383602,0.682,0.086,0.984,0.58,0.038,0.782075779218033,False,0.399,0.331,0.234,🟢 LIKELY HARAPAN
N.51 Sijangkang,PN,55.77510129322306,55.502356549711976,,,0.556,-0.003,0.128,0.296,0.001,0.2117817975780864,False,0.711,0.08,0.145,🟠 LIKELY OPPOSITION
N.52 Banting,PH,52.213740458015266,61.80989522153831,81.80796884361894,80.58194950122844,0.744,0.284,0.985,0.82,0.126,0.9026805434657714,False,0.18,0.576,0.224,🟢 SAFE HARAPAN
N.53 Morib,PN,,51.30868584705802,40.42334264295164,,0.448,-0.109,0.07,0.135,0.054,0.10219008056743993,False,0.711,0.107,0.155,🔴 SAFE OPPOSITION
N.54 Tanjong Sepat,PH,,51.434519880160465,46.30388692579505,55.00873154468964,0.513,0.036,0.883,0.321,0.036,0.6019319147277007,False,0.577,0.263,0.118,🟡 LEAN HARAPAN
N.55 Dengkil,PN,,,48.30260996532214,,0.483,0.0,0.101,0.232,0.0,0.16616845599710017,False,0.69,0.143,0.11,🔴 SAFE OPPOSITION
N.56 Sungai Pelek,PH,,53.35241606830973,52.54666614707143,51.76741508347726,0.524,-0.016,0.927,0.312,0.006,0.619363089501823,False,0.561,0.232,0.178,🟡 LEAN HARAPAN
